"cluster","count","pct","CD45","CD33","CD26","CD11c","IgD","HLA.DR","CD57","CD49d","CD3","CD25","CD64","CD123","gdTCR","CD20","CD9","CD22","CD14","CD161","CD29","CD127","CD24","CD27","CD45RA","CD38","CD56","CD99","CD39","CD8a","CD5","CD7","CD4","CD16","lineage"
101,681930,0.0304637618915238,-1.75209315025955,-0.538953047623145,-0.772472958046167,-0.508226544192381,-0.368166389810866,-0.618546446993145,-0.229328594644527,-1.14861470506887,-0.592824898430874,-0.233730301542856,-0.479581589390712,-0.243065685959798,-0.241890272087775,-0.408462500706177,-0.485165137237834,-0.500376832870962,-0.43842996221344,-0.632640078038624,-0.820142411749022,-0.812554638455509,0.89510048832484,-0.455580427162049,-0.99293588325966,-0.74471862328629,-0.946120171016725,-1.09896643491262,-0.291521520980088,0.0111286089124836,-0.965514193935213,-0.904331151550284,-0.744015717135782,0.272674849249644,"Neutrophils"
102,1261725,0.0563648614558429,-1.73984809896471,-0.636149541220074,-0.735709415618427,-0.560875145228743,-0.37650497968166,-0.62515996894601,-0.229866816874579,-1.15387652021977,-1.05603232572191,-0.242345586905641,-0.499419630480951,-0.236312320915149,-0.23901252227377,-0.458777659858349,-0.854552052156837,-0.504207021705302,-0.448294449985511,-0.66331829949931,-1.08504111768891,-0.845699069932493,1.45178890273649,-0.83974016682686,-1.062900758075,-0.939051164586353,-0.85149051121315,-2.10275685188691,-0.125069311495141,0.798934097092739,-0.934420051730453,-0.898740023416018,-0.728359614662224,1.08634996277558,"Neutrophils"
103,1536599,0.0686442685594616,-1.33008722009326,-0.5619585414448,-0.630901445596912,-0.0969616280736706,-0.361550402183059,-0.606346133956188,-0.219159441732859,-1.13694471239342,-1.03374450407544,-0.242345586905641,-0.376175293601466,-0.226917548596421,-0.240778742246399,-0.45823040006031,-0.653701542136383,-0.487623552826497,-0.410246050373837,-0.579087077754447,-1.54759528276532,-0.634429220256647,1.14156665377364,-0.911352777622367,-1.01764706017884,-1.11828311082687,-0.898580854148538,-2.20644550698759,0.28866504313353,-0.560633916003571,-0.938778049399287,-0.888967768908695,-0.680406034154288,1.21792860590235,"Neutrophils"
104,1587758,0.070929687289549,-1.781985265446,-0.592931799429091,-0.615174403261992,-0.253447758539811,-0.368536586395421,-0.606346133956188,-0.219159441732859,-1.14073532192635,-0.983972051767253,-0.239883398224903,-0.293786390726653,-0.226917548596421,-0.240778742246399,-0.449108862936002,-0.492926935636032,-0.478932634218017,-0.403059451420878,-0.557971141140048,-1.19884325784499,-0.507730784343197,1.33832424051148,-0.867193325416211,-1.00002518033274,-1.10835145566538,-1.05380221582902,-1.99052420894545,0.236689375908884,-0.549739723199306,-0.930958423382186,-0.87988865085275,-0.668404255800418,2.14445948288912,"Neutrophils"
105,390468,0.0174433214234005,-1.64383644100377,-0.5619585414448,-0.76823274053298,-0.273082458092183,-0.371840673324112,-0.626566537237092,-0.232355088868584,-1.08544695263524,-1.04652069684233,-0.238324018657712,-0.566537860606218,-0.251178108971962,-0.228724983612248,-0.45823040006031,-0.124180121972568,-0.527950976614807,-0.451356836115034,-0.697707407673319,-1.0215995139486,-0.810654249981993,0.995672639736146,-0.625012341960022,0.241857160795357,-0.990056078669378,-1.3049969502761,-1.34526300389475,-0.146668438161897,-0.920101384885381,-1.04814893095447,-0.889497840306412,-0.784006264343673,1.96723004213332,"Neutrophils"
107,1607215,0.0717988870829638,-1.77693448147906,-0.60069100552558,-0.605924087451615,-0.410669788904693,-0.360953388679354,-0.608078842983118,-0.217165028688422,-1.1354348244377,-0.985371521800155,-0.227025512265607,-0.400248449625624,-0.212148715122236,-0.244416179287653,-0.437806332930662,-0.265492570686751,-0.479263154927394,-0.414653928746632,-0.567294784408724,-0.844913990919735,-0.695112042746402,1.25543138782797,-0.773772162086377,-0.997631890101958,-1.01189667368437,-0.962498119359664,-1.74578943067417,-0.315339857926237,-0.77254421221389,-0.957473861661357,-0.907457963713816,-0.699161343805284,1.2133689085345,"Neutrophils"
108,1367888,0.0611074660541005,-0.939642770136682,-0.361503735964956,-0.603257390427021,-0.171747002257384,-0.356397216270494,-0.600477644900388,-0.218440752545138,-1.10798259931476,-1.01444873955945,-0.238217766366519,-0.308662585976868,-0.227555441044773,-0.233526773208655,-0.451755412555455,-0.680735399458743,-0.483293637923382,-0.413824932642454,-0.579087077754447,-0.643267551040351,-0.613981561394607,1.46823914573486,-0.863548849913909,-1.01912724778584,-0.524072666492655,-0.408262024450821,-2.20119250263671,0.66845667535696,-0.467580089977164,-0.939863004420471,-0.890886727190366,-0.69313429252933,1.83000574068761,"Neutrophils"
109,1276075,0.057005916964683,-1.33293914394897,-0.325293868714237,-0.618143630077314,-0.250886954204081,-0.349966225917159,-0.603129187718436,-0.22052720889584,-1.10754326645274,-0.987078804065431,-0.238217766366519,-0.298879294206772,-0.215719546825893,-0.233461573828214,-0.434870081773682,-0.635710658234175,-0.474357982557822,-0.39896570941726,-0.579087077754447,-0.763311127663133,-0.617827549988829,1.30323443410616,-0.863382068697419,-1.01276077246748,-0.725382508961086,-0.200169208383215,-2.04143188113103,0.541282349015121,-0.170027044842464,-0.924394796233347,-0.87988865085275,-0.683037356726032,0.528663463895236,"Neutrophils"
112,1095036,0.0489183874688703,-0.867106271383964,-0.237667731846103,-0.58637682741064,1.40277913346461,-0.352853539282358,-0.601699755931893,-0.217637482155824,-1.09658031030422,-0.959421593411459,-0.241493246962828,-0.160391958965489,-0.219446425903523,-0.231717553918457,-0.438882569964906,-0.351254090599835,-0.474357982557822,-0.402015594129075,-0.597057763972924,-0.628902300734807,-0.485791228461299,1.30090887239699,-0.853591908373036,-1.00533780024642,-0.715757731605193,-0.784387188100704,-1.88152132719327,0.89056674362535,-0.400389231341433,-0.90551284421707,-0.876727332445501,-0.685709045633909,1.52326304632836,"Neutrophils"
113,515167,0.0230139821130771,-1.21048905534349,-0.435413096212204,-0.610189278055887,-0.00289774884596731,-0.370757904046761,-0.591180468585798,-0.210275983133206,-1.08275599764051,-0.92765282275688,-0.246759815669038,-0.210798271819034,-0.214125585185826,-0.225591284171434,-0.430480969756473,-0.44664363026737,-0.442394019698906,-0.379827152017093,-0.535652577783645,-0.692716543564402,2.0001695910332,1.33498777065918,-0.84709966650092,-1.00267807215392,-0.825284413814014,-0.487848137991514,-1.91139246686373,0.569197778063334,-0.0907695050626737,-0.872610080882163,-0.84274534000011,-0.635155371350618,1.51511489966809,"Neutrophils"
114,1113634,0.0497492132774702,-1.41286268901537,-0.465732973461801,-0.645349280745395,-0.301970850287793,-0.386190932091212,-0.607030041623416,-0.219871285316987,-1.11557092487465,-0.613233490315926,-0.249602456171783,0.246784102592304,-0.219265588382938,-0.23123874532459,-0.384380589695697,-0.394019256833124,-0.440709251149941,-0.37383397502908,-0.475233173080801,-0.942383123707586,-0.527457676971431,1.47308096082963,-0.682309804391312,-0.900638416796788,-0.785545866630414,-0.371066940745039,-1.28231233551314,0.393792786447839,-0.254209523931885,-0.901799207963077,-0.858877977548816,-0.648690561147074,1.5304761064275,"Neutrophils"
115,874896,0.0390841045618269,-1.00019590986956,-0.440167817571045,-0.735709415618427,-0.12354174882594,-0.363344550934341,-0.613614603491354,-0.226488022039315,-1.09658031030422,-0.969459116133241,-0.242345586905641,-0.292730980094765,-0.215146174033576,-0.218870543022314,-0.426314369335956,-0.681521877108169,-0.483293637923382,-0.409778908004756,-0.622871261162604,-0.29827229957353,-0.685222205989158,1.71105471342153,-0.756766381564178,-1.02768371099673,-0.507556409857835,-0.837657274527985,-2.02738629365961,0.792502868190116,0.946255436101113,-0.72138635173052,-0.826494252727324,-0.65742166281733,1.62469888272709,"Neutrophils"
119,637054,0.0284590227267356,-1.29711042896282,-0.542548301895564,-0.566886693240609,0.10554977201919,-0.345478303555214,-0.591501259478113,-0.213851350635394,-1.09506333690035,-0.861612684859566,-0.219128305971082,-0.290916613599459,-0.197816751402626,-0.233593375686172,-0.353976613059217,0.764171310398561,-0.466039269890084,-0.394070661572735,-0.547932048273604,-0.310131424571316,-0.53191036918923,1.39873739395914,-0.679533253951533,-0.977455616548048,-0.785047134482791,-0.697110022211728,-1.32997379833626,0.510873455690561,-0.639405479067358,-0.976492549624429,-0.906448950052244,-0.702530055191488,1.49066218623027,"Neutrophils"
1,30573,0.00136578328026272,-2.34702386751913,0.527285774483357,1.71476450939738,-0.41017125133912,0.531382236525437,-0.220662793849302,-0.200355711631832,-0.718447129802124,-0.734256667283243,-0.0529127683682221,-0.34543772952116,-0.120176332566089,-0.0388738249122277,1.04162050127924,3.76808662168172,-0.257543924237537,0.170377944596974,1.20113913196807,3.07942860771667,-0.578229192266207,0.0880983895336816,-0.867996480964472,-0.509803241742648,-0.26687322431341,0.991583516565596,0.496819349767639,-0.520027013772689,-0.833207445977482,-0.94871832172757,-0.863162250435637,-0.740261153749005,-0.132945788893177,"NK cells"
2,28008,0.00125119740011116,-0.466685943864607,2.02529509855744,-0.16811939530107,0.306983574533341,-0.214369483379397,-0.360074599969179,-0.18608126695514,-0.588622581896784,-0.353199495743427,-0.173502903294589,-5.41736199141475e-05,-0.133131540259451,0.49162620195388,0.585863032873038,2.98777328646989,0.0159647615279854,0.0725242438636609,0.250981787454674,1.94791524456278,0.323424358624671,1.90068922196629,0.0486073218165133,-0.176308943360055,-0.0559932882789554,0.651257803650076,0.510509049058961,0.913663640948221,-0.219807648602528,-0.566633606790794,-0.722555795715968,-0.298198938890039,1.46237068170571,"NK cells"
3,88148,0.00393782306573115,-0.456268495065626,1.89839008809753,2.91815399060641,1.06512002827798,-0.395117904055441,0.448589374256779,0.195046470919823,0.434496151970227,0.031481893735628,-0.252608705615336,0.672264978621084,0.466304258110306,-0.251445329986354,0.483902925260984,3.0196906611829,0.161333275324692,0.148731325192558,0.623078791221681,0.209167571785706,4.08175411925029,0.963325655653224,-0.908277249204755,-0.843776720890376,-0.719914744744189,1.04516149337702,-0.449221845486597,1.43452423291095,1.09906893591684,1.37265674725262,0.555281257308793,1.72508321591465,0.769192380459061,"DP T"
4,72582,0.00324244536185618,-0.112335423215362,0.782616431091268,0.0283863611245882,1.28444319583911,-0.211686022218896,-0.490060648495286,-0.18608126695514,-0.479810919648551,-0.0616948114531852,-0.160188812473951,0.869034426068397,-0.0634725051875777,0.349516977718796,0.0911703920333531,0.91419899636779,-0.176236593896449,0.0256898266008087,-0.0902587153910245,0.427125757947773,0.682885309310178,2.02888213405346,-0.281594696405286,-0.200078965690399,-0.0559040236776182,0.709213052739882,-0.668699249045643,1.5515791146974,0.361006548688391,-0.365957948655925,-0.48947207488796,-0.235228305942552,2.46100901259639,"Neutrophils"
5,138667,0.00619465116685281,-0.414056644231491,0.267573971369476,-0.106849345669759,1.35941661061445,-0.326613761959334,-0.554250834970784,-0.199438596077462,-0.949612471483373,-0.506694382774707,-0.227858922735138,0.351290109055485,-0.166511322588731,-0.175757586034308,-0.187048750485991,0.438269246775047,-0.321164604455377,-0.197913022811273,-0.267630037186281,0.0661361338790566,0.166579768721782,1.85703836292944,-0.558909324392358,-0.768480233418442,-0.337948257341243,0.163468956529736,-1.25126043701615,1.38682380105589,0.0189725281007333,-0.601340875169822,-0.685403348618363,-0.424389001291401,2.23680223228621,"Neutrophils"
6,128499,0.00574041754916036,-0.201033106712393,0.539009192896714,0.27473421221193,0.997682083497465,-0.211686022218896,-0.507595952383986,-0.195413170577851,-0.862612793138108,-0.503094976971942,-0.222068338582444,0.956064167960756,-0.0932247214924648,-0.19793405032373,-0.276136728954713,-0.149834445603575,-0.298254538846532,-0.187435850269364,-0.223373928868768,0.105116489814047,0.431091020068245,2.09637798935618,-0.5915912952194,-0.789475083030868,-0.134122991277348,0.813598361132449,-1.52535750924382,1.53984724344669,0.618802751503924,-0.310878209464697,-0.56783083940714,-0.255895565964137,2.40836286763551,"Neutrophils"
7,45523,0.00203364250375822,0.557036837874584,2.13151944546501,0.756933041593839,2.51767658703988,-0.150940883356429,1.42081781697073,-0.146679364379987,1.53361550732487,-0.11568967823044,-0.202867214557713,3.09304833790909,0.30365634917943,0.0927063940634776,-0.0419533952291348,0.501201398051659,-0.0791428257249794,3.05833865333146,0.666261174145574,1.63376627353252,0.356908401479815,1.54550561339532,-0.635332375041912,-0.517787448586842,1.16223509181231,1.73357019981427,0.594782992949179,2.04058116572778,0.460825460858369,-0.250763010100073,-0.505212065390304,0.224287347212564,1.81209705285442,"Monocytes"
8,133706,0.00597302911951093,-0.0637106476606831,1.05480212278744,-0.205175315271806,1.53660288782504,-0.255975364019028,0.308540732631246,-0.20148034083983,0.753253262911782,-0.524246317419,-0.218479055353593,3.21305556282564,0.00488443493769709,-0.177045867195923,-0.346047955866272,-0.0758550840487821,-0.333479157946993,3.43459345398504,0.407139214957385,1.61738450651384,-0.594120955247032,-0.0387698902639105,-0.965724573838506,-0.760299848839855,1.22625354908264,1.58422973910521,0.802034270333149,1.69869770338578,-0.269134522636328,-0.737359954941167,-0.800301002169316,-0.334162744517694,-0.585530171162456,"Monocytes"
9,143811,0.00642444834716457,-0.404367537609921,2.12866330128366,-0.411993214334347,1.14307393521803,-0.253925445091421,0.345638635933709,-0.220951243375459,0.234429193001346,-0.993356533688262,-0.221771960615665,3.06304188218496,-0.144187450131583,-0.217383521056594,-0.450798763772614,-0.703330933257994,-0.486550600698049,2.44352696616669,-0.125018255232374,1.33811887352664,-0.897739131469773,-1.0502210374644,-1.08730368126316,-0.984325752993613,1.18542249416463,1.19510973906787,0.79275970073674,1.23974243835426,-0.48268165027526,-0.914346352733285,-0.901464324772421,-0.564129776664055,-0.70928165916843,"Monocytes"
10,115219,0.00514716199812222,-0.555575684964467,0.569275988220912,-0.373262976558254,0.82449943999536,-0.386265126647451,-0.00270149226157046,-0.208497903980643,0.078296334008685,-0.524334714465408,-0.218479055353593,3.1032827667159,-0.012748463303159,-0.193131571767747,-0.361060571638757,-0.257616205104558,-0.350337019574701,2.58895218442534,0.0573462170472085,1.33025696675109,-0.603813074746141,-0.0641007934495107,-0.970860048761509,-0.903582738399482,0.599932285373795,0.788253611663464,0.332098752830629,1.29244523062562,-0.14291014087924,-0.764568813639573,-0.800301002169316,-0.471273124756082,-0.56010927733553,"Monocytes"
11,69329,0.00309712455556649,-2.85756404550917,-0.321183976760206,0.613337060674546,-0.603359169569908,0.206341432985399,-0.521890746052136,-0.224972624231217,-0.9289482459978,-0.968730396792134,-0.203735032969508,-0.499551522804322,-0.151834383705689,-0.156370364286891,0.384754852685663,3.09001529985266,-0.452977095021626,-0.284313651045016,0.0687532916439489,2.15510177336449,-0.840928091211979,-0.8148521931603,-1.03109296578137,-0.860599147635574,-0.808365021763719,-0.200981832790229,-0.238370618251488,-0.963933978235455,-0.910893055210214,-1.00243353530064,-0.921350893106676,-0.777874175071877,-0.62743520761586,"Platelets"
12,98797,0.00441354432800563,-1.12786915053361,0.353097731945505,-0.650398663566718,-0.585269985258216,-0.363320203053016,-0.582963167660325,-0.214121291127494,-0.176294902328502,-0.74129420000169,-0.201336966681791,-0.365061541419926,-0.0384628635771326,0.0508342601379444,-0.152990749009663,2.34596884021697,-0.463404675388726,-0.426996743863241,-0.542603300709163,-0.0034727943420631,0.266728953049836,1.0494991434816,-0.877865604227319,-1.08412583423848,-1.03551481462434,-0.722215371520412,-1.61890371789089,0.639966274022439,0.557699893952795,0.280011842962823,-0.653798810140645,1.19055970358146,-0.620473302712708,"Neutrophils"
13,46929,0.00209645254176722,-1.43238152950018,-0.0556521066870351,-0.804853965707542,-0.686593941205091,-0.382166744484715,-0.617372120358762,-0.221950316949838,-0.403204513389643,1.49559766209053,-0.240624663581031,2.28420576743392,-0.221052642061577,6.30266459634491,0.550178280176854,2.03224417958014,-0.240523078831708,-0.00479207996550813,-0.59088515257559,0.144247081810949,1.13193874304857,1.42392438433993,-0.369497343310708,-0.870638960810261,-0.793483776633626,-1.09507136317245,-1.00750144399932,0.140391095183551,-0.418794090531486,-0.45577512649025,-0.984224527118052,0.788267003633252,0.312927495068231,"gdT"
14,119874,0.00535511415098988,-0.651355821431586,0.252154649985821,0.0979455352438486,0.386084496557388,-0.323760597792794,-0.522019518239815,-0.198234712908653,-0.851296799273843,0.0109638419217318,-0.237515988856115,0.902429225999495,-0.0932247214924648,0.0498549029566904,-0.0167395601492382,0.270441424106201,-0.127413979772079,-0.0654172771880846,-0.0252490587685562,-0.0570072687747149,0.268656488890386,1.92237766033785,-0.420867722271617,-0.548003544616489,-0.324158905175579,0.692470822676425,-0.899409550080513,1.08165044097436,0.597915586182718,-0.337395587260844,-0.54527937222773,-0.265600028471425,1.82661055563224,"Neutrophils"
15,51747,0.00231168637044958,0.679914324662943,0.0122960782863838,-0.494104090570616,0.235589854163786,2.31804388651699,1.91425188133976,-0.198085644778342,0.535832764630195,-0.607963807080415,-0.141973598123258,0.0549245218568235,-0.0693279540170537,-0.199973453068169,2.64134673734344,0.497058717834759,2.94170664738619,-0.241289722663472,-0.264394902415596,-0.0208996409664151,-0.155224217611635,1.40767510014395,-0.570604660696083,1.21177818410021,0.357691887465822,0.176879363399806,-0.217698931361093,1.22105336859742,-0.0533134227305418,-0.60072721199867,-0.736168420037596,-0.56403907023793,1.50385314437094,"B cells"
16,64626,0.0028870281055264,1.10755828695471,0.0484223540131942,1.09351205685103,0.0340039975759749,-0.220503353601356,-0.498843461511454,-0.200106748962422,0.875034297828056,1.21572822379285,-0.0188464017028242,0.0700308300121205,-0.196739144741208,-0.043249519333464,-0.301467332834177,-0.0210667118309859,-0.122001993698151,-0.277735785544698,0.814344627485839,0.810590294460404,1.12843791175575,1.29039256675644,0.973050938794126,-0.675467618566619,-0.298464347884048,0.70647996666461,1.05929323243991,0.650134315411451,0.300090391374376,1.05354896742811,0.368337713806223,1.18097346654678,1.49540073900558,"CD4 T"
17,49313,0.00220295263466443,-0.000515803551636456,2.48881802453059,-0.182040272457494,1.90827564131794,-0.204295373074112,0.372198531109029,-0.212116675295358,0.157086180746237,-0.633609192403365,-0.218479055353593,1.92955950244789,-0.125989224103706,-0.203941516888643,-0.300000065681483,-0.115169673638369,-0.390475668997199,2.35061880676567,-0.0571501860552652,1.23695151910764,-0.454690506088295,1.19080109891524,-0.709682032188964,-0.763800317391643,0.828991646012958,0.900405458941345,0.234364965011798,1.52242548164616,0.142269283310031,-0.632270826487484,-0.721897554644666,-0.358946367367771,1.25347137716455,"Monocytes"
18,85958,0.00383998950723917,0.593715511717264,2.19756846194557,-0.0062400192874555,3.05207280111996,-0.177255811019544,2.65574584589262,-0.184037672689528,2.41965088315758,-0.589282615409133,-0.209252260511361,2.4047614349087,0.217716843911284,-0.171616623116072,-0.32070750870435,0.352596387436797,-0.323952942699611,3.08449202716728,0.208853900928804,1.51598509103492,-0.604256632155394,-0.00942194520838453,-0.933996927009593,-0.78840680169854,0.854972071345963,0.966765962967085,0.400167369822706,1.85081743418543,-0.381321189580101,-0.809079241271787,-0.797380686060975,-0.0549082791194522,-0.453760866683973,"Monocytes"
19,99429,0.00444177757410926,0.225675603797152,2.17728907409662,-0.185816093557176,2.23251430760111,-0.21892219873447,2.11831706494486,-0.201154791644982,1.73418201143449,-0.841896196125278,-0.221771960615665,3.04465560262619,0.179006327199221,-0.21143389962921,-0.379381308622914,-0.427786158132352,-0.369864022355182,3.06640029830753,0.128226339092606,1.52592334066969,-0.683010314215628,-0.724319099074111,-1.03212773426264,-0.904951332015523,1.22930526727161,1.23235390217369,0.901815069971474,1.69823637188449,-0.438151846572858,-0.865565410422941,-0.829655046646436,-0.252553932711511,-0.618049214672448,"Monocytes"
20,107414,0.00479849034331404,0.0647997367038967,0.995954872586544,-0.393985020666139,2.24238646189368,-0.255975364019028,0.499299746632174,-0.214351526813557,-0.216341069581462,-0.797623373679784,-0.218479055353593,2.61692976245683,-0.125617867421575,-0.217383521056594,-0.386129924119176,-0.415743664015478,-0.429017772784777,3.11779910335564,-0.0975734317041073,1.133151814261,-0.698858495846909,-0.7529211201249,-1.0061118153793,-0.987038794701398,1.00340016845435,0.39175613087871,-0.429398339551759,1.63046693678545,-0.345418896744018,-0.861597438842851,-0.844081262041723,-0.509691021173829,-0.616007785638356,"Monocytes"
21,40003,0.00178704832892911,-0.455954226703595,-0.00401076197334441,2.01042097670244,-0.500453804792772,-0.348772285249755,-0.451101357963937,-0.191140879122905,0.0118836006570488,-0.994087546780314,2.77793043141661,-0.428971990970876,6.94520933258303,-0.193589553640089,-0.216043489553564,2.06861003515207,-0.428495312790555,-0.372244401363607,-0.48412907500849,-1.32478567905758,0.631110724276901,-0.967438642905618,-0.967194673300702,-0.927580952676327,1.35985486968132,-0.330220781028278,-0.78184759426502,-0.970025334131504,-0.44925023640362,-0.918679255207471,-0.837182415792432,-0.588569563472091,-0.420981871619914,"pDC"
22,39745,0.00177552273162732,-2.3354855169131,0.52176379869639,0.177669902109567,-0.450350303194692,0.0737530801282289,-0.511669986730401,-0.217632910281468,-0.777771103780494,-0.771051480624389,-0.203735032969508,-0.328439571531137,-0.151834383705689,-0.0812215744129962,0.129362846837956,2.51330813825593,-0.34428398774754,-0.266539162844054,-0.296101982944422,1.36172310508237,-0.568694454714749,0.502179654544854,-0.753262539711231,-0.623794522380904,-0.740504313585003,-0.386803174617421,-0.399881830876182,-0.149955492792211,-0.560155127890959,-0.910200462795946,-0.877415249393968,-0.684293259110147,0.0768881838882476,"Platelets"
23,91608,0.00409239115357693,-0.970052710980959,-0.244953032792424,-0.756005832433573,-0.628046280993373,-0.363720264645197,-0.615526881051777,-0.225929944354258,-0.721947397312528,-0.304689482805336,-0.232108199147885,-0.123941501032931,-0.230606937520558,1.49037038522066,-0.277867483228747,1.5580569533631,-0.517687414833359,-0.466643945749912,-0.703393041562999,-0.488716427738297,2.40964423062071,1.51006695542948,-0.600390697987037,-1.07248105290303,-1.17695417584271,-0.87574604518682,-1.33689994595889,0.214697887341748,0.131273839705182,-0.470677987029109,-0.910101455829448,0.375973608524953,-0.442616078547137,"Neutrophils"
24,17754,0.000793121916651437,1.22613140896168,1.84623479936064,2.97095545948881,1.12519897407108,0.504622277942092,0.389422730508911,-0.105882112322427,1.77499217239612,1.76372151049635,0.297906407550088,1.38601335706524,0.306914507237811,0.602534795420956,0.635335706242744,2.32441194803295,0.736970812260043,0.61424580480561,1.12000848594477,1.57525482713103,2.15512286099322,1.59055303228392,1.18554344071805,1.0032383877171,0.987777756634371,1.64344085271424,1.01970237484298,1.35954703457314,1.35495737833635,1.45299852265248,1.02617936201305,1.30299480391187,1.87396791644738,"DP T"
25,70846,0.00316489328078674,0.744627297980744,0.136717063872306,1.29334051091327,0.0935530889369921,-0.0584900508541452,-0.492177676888655,-0.196584073990787,-0.483933359659822,1.65419915504757,-0.122939938126862,0.0959864132242375,-0.17844839996128,-0.221858036543344,-0.272515415860518,-0.0301950771088624,-0.0443616009553367,-0.256491464334226,-0.29224953991977,-0.26570501139204,1.1880683771157,1.05045167897605,1.3688604148532,0.999485377071424,0.692375001608231,0.397851024346748,0.414228357812952,0.500791372489143,-0.0031364963458164,1.53870120917429,1.36542965851233,1.91469169632254,1.48689878585841,"CD4 T"
26,21229,0.0009483600973636,1.29799184458398,2.38012953004244,1.63044643621803,2.09651286941354,0.158381204287805,1.17036898769911,-0.13221401495504,1.36412530177832,1.79043534177471,-0.0380343877212057,2.59149326568297,0.180480985960929,-0.1437523237268,-0.15209395730375,0.19542550102888,0.0799457458079521,2.86925442225458,0.70687715693632,1.50329913113926,1.00653554950156,0.101742823122337,1.24288080307012,0.809215520453894,1.34527227980832,1.44137154667861,1.15629156691042,1.5691236545706,0.494894015568251,1.29910043664325,1.12206283173166,1.06026136682273,-0.196429325879355,"DP T"
27,43210,0.00193031418376189,0.101781051912767,-0.484364786133959,-0.400780865778176,-0.632479464555935,-0.146554313799202,1.97669853280795,-0.174753535692689,2.45531484804853,-0.985518672400683,-0.1999296166558,-0.494770593018777,-0.141708225828498,-0.210715184324367,-0.309973546532911,-0.410298305480594,-0.423403461142418,-0.416487739048787,-0.284185755208479,0.641776872797017,-0.791581456058872,-0.584894701039037,1.1005032286057,1.47946804148199,2.8486762859418,0.203498073115364,1.08435228618514,2.05538479003815,-0.846428915220912,-1.03272912179721,-0.845003075320791,-0.712538321890334,-0.631031314504019,"NK cells"
28,85454,0.00381747438692869,0.129458224391553,1.37073628171413,-0.395453896291898,2.75896031229401,-0.24952778257039,2.81964566718577,-0.180926615957289,1.956850399506,-0.897343472097624,-0.215303770119677,-0.0613982503232708,0.507431068459211,-0.226414025505495,-0.431139706635953,-0.209262045882883,-0.415156217058795,-0.0668887459382055,-0.328546600862469,0.894624567411833,-0.828440011251815,-0.346275619204559,-0.872170523867745,-0.76459717549976,0.0770290419509906,0.17296174363751,0.0215526336132671,0.963604265002485,-0.617942242128223,-0.93953773664853,-0.885623116519139,-0.45893404043225,-0.4809214640051,"mDC"
29,44515,0.00198861226313725,-0.490075979884303,3.91450047335834,-0.315786055990881,2.21447542077902,-0.26583470183582,0.791793370703298,-0.202307737174931,0.444654467789682,-0.976568486692763,-0.210665695740197,1.47743232115572,-0.13542802358941,-0.226483994958214,-0.427484911120501,-0.335979348530849,-0.472292099171279,2.11130369308388,-0.359186376310159,1.11716508760154,-0.853488355511619,-0.494103486791913,-0.934702589001419,0.142940723425491,0.897733995822375,-0.0371893036039196,0.438026454791749,1.07888421174053,-0.759736799744052,-0.959665117165552,-0.862881700039309,-0.606374462562663,-0.649319291536453,"Monocytes"
30,167219,0.00747015060158481,-0.474633122824634,3.71374617801791,-0.291774539784446,2.03389679279137,-0.199527318840116,0.474197663994458,-0.206464645264103,0.0181191317666785,-0.983689996605297,-0.220371352378681,1.19677198610025,-0.149256360924773,-0.227093593715247,-0.427484911120501,-0.473585963510652,-0.478296631957488,2.50050114629964,-0.422827324525172,1.0138761853654,-0.878503453344449,-0.669253964639068,-0.93064989704769,-0.987252393301357,0.685970819755267,-0.0138952629569842,0.174976583307723,1.06966083052809,-0.660158027617525,-0.969079931244705,-0.869189769618779,-0.671716857219205,-0.691283578491586,"Monocytes"
31,64761,0.00289305894132385,-2.87970247680004,-0.334863511884588,-0.126348181766418,-0.630522334639919,-0.0527546984650841,-0.579035592439691,-0.2335967373543,-0.9289482459978,-1.03697460835554,-0.252608705615336,-0.499551522804322,-0.235772101310928,-0.191029723192268,-0.233187923762281,1.93377766953031,-0.463508850258862,-0.404826625929323,-0.567644068572914,0.568365094258766,-0.873869099389072,-0.959424516612846,-1.05675279087766,-0.969330415095677,-1.20725431319036,-1.30633287786805,-1.21998627865043,-1.00976322894546,-0.884637562947612,-1.00243353530064,-0.954202385210912,-0.777874175071877,-0.664616251183876,"Platelets"
33,96185,0.0042968588235394,-1.65747864134261,0.35567432041691,-0.650398663566718,-0.604879559297881,-0.360260220039215,-0.584940098586485,-0.214382907329002,-0.404986117759121,-0.173231278363498,-0.195116255762138,-0.286415407819819,-0.110507937157848,0.0494692503952816,-0.158237508516504,1.72214828119079,-0.467176723959948,-0.42704368072206,-0.553612491612147,-0.213738894134269,0.0643163212479181,0.681784219280794,-0.622555714694588,-1.07536508510337,-0.888591889600553,-0.835892415073343,-0.973964142723283,0.12610592734324,0.668067199977149,0.235300373620971,-0.671337388897241,1.03873082975197,-0.742536279239655,"Neutrophils"
34,33726,0.00150663680077652,-0.0247622484401567,-0.610325050899122,0.0283863611245882,-0.704933712721065,-0.198054510318329,-0.599589961502083,-0.214884311931349,-0.72862946599235,-0.0857689240353666,-0.209540391881615,-0.620203086113319,-0.236330198837045,-0.228269052596317,-0.468550394976037,-0.30210857766726,-0.440980822854314,-0.477634696398686,-0.634938142648926,-1.17080572106947,-0.327606883243773,-0.311165278547331,0.587761198991882,1.38687676416895,-0.470151713955616,-1.19897200591419,-0.693938080276023,-0.788625435767457,-0.873992495941037,0.920258981993451,0.848895671826272,0.640469168384276,0.732046836063978,"CD4 T"
35,21222,0.000948047387359288,0.564103505288277,0.122588720386392,-0.347561512639682,1.09712856077226,-0.1935411660054,-0.507595952383986,-0.169364425060771,0.434228223815876,-0.584930097252713,-0.201488531272025,0.0846378615455885,-0.202893433237354,-0.227436143958485,-0.254066182072812,0.138955522436065,-0.36566641635095,-0.270329172283371,1.92685266929281,0.693434469570505,-0.0882486791121135,1.28947048655696,-0.612613418957971,0.984192963654973,1.47353653628819,2.51609068106758,0.815739055847001,0.654399330555579,0.224063315014455,-0.366204008709592,1.76827525826348,-0.37885873889396,1.52797203776292,"NK cells"
36,17075,0.000762789046233147,0.898600633499401,0.0199131753807937,-0.601469995520011,0.299883381104456,-0.293864300549091,-0.548128252577863,5.03622532257359,0.684674094157072,0.731293754653119,-0.222257281460472,0.0158822672423531,-0.203990055365835,-0.178356964135114,-0.251455468868911,0.176191180929533,-0.257765965277448,-0.313262499755459,0.160994719634177,0.678438764362297,-0.20306582602635,1.4237552651641,-0.417456595710783,0.583152844594721,-0.0785019230945232,0.939052672162639,0.807871066970613,0.552948161060247,1.9085892960634,0.219773635121554,0.251709080213762,-0.436782515552465,1.37423019774213,"CD8 T"
37,19472,0.00086986988628122,-0.758585323795699,-0.489685669211254,0.00728531574955433,-0.614446641311118,-0.348772285249755,1.5991299728259,-0.190806109879705,1.1295538097871,-0.930854015106448,-0.0849172282943198,-0.431272427543725,7.07172444264919,-0.193029656106399,-0.368375244550372,-0.415225504818074,-0.428495312790555,-0.385998967567745,-0.470348545042551,0.373557882819215,-0.807970852839583,-0.605593053921789,-0.939352467864722,0.981228830817012,0.607777303632779,0.265505081806791,1.32611088800071,-0.657544952793791,-0.558106918460773,-0.892331876074255,-0.832544198008062,0.0934271049733175,-0.476365566385062,"Basophils"
38,59241,0.00264646476649475,0.680662186614393,0.691407264258727,-0.433946688935094,2.92333724767578,-0.256320406306614,1.64316378746508,-0.196312401496886,2.29615766723315,-0.919193896013937,-0.215303770119677,-0.185447197149981,0.560854896912137,-0.229419077195644,-0.431139706635953,-0.253499782681301,-0.415156217058795,-0.30311787645478,-0.328546600862469,0.870648904020897,-0.817024856372992,-0.356953257155754,-0.877244848316919,0.600028817481438,-0.878836412146558,0.00300256932008943,-0.638119475978028,0.31047486888531,-0.722373965804957,-0.93953773664853,-0.885623116519139,-0.506783702330973,0.397659500669138,"mDC"
39,151718,0.00677767663346416,-1.07746111631757,1.49249475615763,-0.638500876475976,0.482490914571235,-0.318980573380545,-0.0847922405129149,-0.220665990308848,-0.38927196875156,-1.0453895804292,-0.228327948305211,-0.132021878165074,-0.225164013787936,-0.251445329986354,-0.464933665875592,-0.540313149380297,-0.517158742809929,0.899626589472599,-0.638404352770758,0.528458908592248,-0.970282060006529,-0.586146194476307,-0.817156494998132,-0.984119623136339,0.133571035566344,-0.210724119999147,0.124793940309766,0.336546393284216,-0.781322327712091,-1.04854230270999,-0.934777882465784,-0.755000431061955,-0.759323483708769,"Monocytes"
40,135555,0.00605562923350713,-0.458830592711147,1.2259010428904,-0.637337802853024,1.63309926051776,-0.318980573380545,-0.116983760164624,-0.21594400404276,-0.770642693958745,-1.0453895804292,-0.228327948305211,-0.170267288478211,-0.225164013787936,-0.251445329986354,-0.456252979995304,-0.437276135370838,-0.517158742809929,0.998820385419971,-0.632450119837944,0.20396618469939,-0.960522810818455,-0.517903492281123,-0.824191502459301,-1.0320547112691,0.0681975637794335,-0.722111426295901,-0.929346010999216,0.516723079565357,-0.866032813111395,-1.04854230270999,-0.934777882465784,-0.755000431061955,-0.692781678449414,"Monocytes"
44,53570,0.00239312499014405,0.0616955834201648,-0.576466759566503,-0.590555909694128,0.38603231726794,-0.235348170505581,-0.55476104233805,-0.21200612780069,-0.0193193099538263,-0.967300917486064,-0.251994989582275,-0.497015928129697,-0.212329183387322,-0.228037566756699,-0.454388093829274,-0.580656385334452,-0.47880568084611,-0.428648088457144,2.20986247112624,0.181381546274544,-0.701662666021105,-0.881255291714665,-0.946150479070236,0.492194459518076,1.62118793300176,1.34524430762573,0.596505860515153,-0.993991627454095,-0.315915274729631,-0.807679631946558,1.40201226616816,-0.639844996967754,-0.224110639710288,"NK cells"
45,41339,0.001846731266895,-0.485512086976768,-0.552404511274357,-0.571226197818831,0.888287529437703,-0.1935411660054,-0.536234330058343,-0.212428473769302,-0.0142757055601824,-0.968379567203985,-0.204951046248308,-0.48501178529146,-0.210974863801665,-0.228037566756699,-0.453181559204923,-0.557395221869175,-0.474701481345647,-0.426882878520548,0.881710379080319,0.4085361915157,-0.618258618153623,-0.893323202344963,-0.328470996193565,0.458303444453697,1.08388093629361,5.15634714797254,0.529831147625556,-0.757815855458207,-0.279817702804276,-0.453754839407474,2.86593255833971,-0.639844996967754,-0.500372802967647,"NK cells"
46,81150,0.0036252024071344,0.156571360269189,-0.591717789186033,-0.666536925872331,-0.172299275662892,-0.322715945900718,-0.556544544773741,4.96995826834623,-0.309896485170553,-0.783527534936985,-0.222257281460472,-0.561073473605328,-0.215125588635068,-0.251445329986354,-0.482420816091365,-0.573694841823084,-0.383614468408559,-0.441200700334622,0.105964656191199,-0.0705872673780905,-0.779668303474438,-0.722824886164839,-0.915613377794264,0.897976923248843,0.206020509842177,1.59530926900254,0.562594232342603,-0.962518663139999,-0.418994896707328,-0.854271366020626,0.63229838117377,-0.651888259143896,-0.205153337682735,"NK cells"
47,63729,0.00284695655211667,0.5934087966591,-0.591717789186033,-0.666536925872331,-0.629273017017593,-0.319583337128563,-0.556482813776555,5.16656825189737,0.410972071242643,0.727378436095536,-0.222257281460472,-0.5553178254208,-0.215125588635068,-0.251445329986354,-0.482420816091365,-0.575537655382844,-0.362157463614418,-0.438295639602254,-0.224975237850857,0.312905035978126,-0.779668303474438,-0.723802166586448,-0.878237845154933,0.886543850075049,-0.845854310015414,-0.366093035502886,0.7378085542342,-0.987264350178881,2.18640955707419,0.0923552140783817,-0.031465584047321,-0.651888259143896,-0.62287489438675,"CD8 T"
48,57017,0.00254711233083896,0.7438784176063,-0.591717789186033,-0.666536925872331,-0.631317580929976,-0.322715945900718,-0.556544544773741,4.70087373611405,0.643811514909695,0.680917923919279,-0.222257281460472,-0.514250245841427,-0.215125588635068,-0.251445329986354,-0.482420816091365,-0.562686815628936,-0.362157463614418,-0.435800761959425,-0.224975237850857,0.345802709356481,-0.779668303474438,-0.769687221447575,-0.795351776384765,-0.638297723151863,-0.90716187757461,-0.49589821167446,0.720087481033565,-0.952830718533783,2.04975122267236,0.441582227124655,-0.311320204563853,-0.651888259143896,-0.637222951264664,"CD8 T"
49,42847,0.00191409793639541,0.846051025465515,-0.594090203285002,-0.378197424428575,-0.657429290338219,-0.300914293478527,-0.498148660311608,-0.172760076393737,0.928682224519739,0.931968583891455,-0.205015027271102,-0.5087443287104,-0.214259198501501,-0.226755790655264,-0.462272032761103,-0.545293917858513,-0.292090575652063,-0.423224677217838,-0.222261841309515,0.386485830086027,-0.248733490756468,-0.702361985013244,0.625215191296866,0.886864996709466,-0.989163125271014,-0.332997738721588,0.903363922151185,-0.966110513997306,2.28701853744699,0.490560461411818,0.266825572754132,-0.661601798375354,-0.680290710546868,"CD8 T"
50,65710,0.00293545348333705,0.43416987479049,-0.617477635660497,2.56526310601156,-0.664025213681642,-0.279222486263917,-0.563069133471203,-0.208181875454724,-0.116961275303935,0.267601743898203,-0.159306454919786,-0.573767256497996,-0.213994821093229,-0.0832364126585448,-0.476621859884353,-0.628738376581889,-0.363197059916118,-0.446499061919261,3.77174102424646,-0.26155487432108,1.28626900640857,-0.728654594890074,0.251600430695906,-0.926251097931126,-1.23237810266167,-0.444465893649783,0.701442062406685,-1.00995369063042,-0.537344773803251,-0.550093147418678,0.296350329660329,-0.773001796759413,-0.722677286599589,"NKT"
55,64001,0.00285910756942709,0.521657162559923,-0.576466759566503,-0.571226197818831,0.143709699108393,-0.234769333299667,-0.55476104233805,-0.158729207631956,0.215934629954639,-0.965910957756087,-0.251994989582275,-0.504640580558529,-0.210974863801665,-0.228037566756699,-0.454388093829274,-0.660139807261153,-0.474701481345647,-0.428648088457144,2.66302652468693,0.356272284920927,-0.734720153142436,-0.994494827014948,-1.01744338157193,1.21608747190967,1.96476910490474,2.54884037049815,1.10703044067198,-0.982465446701099,-0.305126605197778,-0.754432272968431,1.6570330163232,-0.639844996967754,0.346880275223817,"NK cells"
56,55304,0.00247058772549798,-0.0629042263871151,-0.576466759566503,-0.571226197818831,-0.463347639150946,-0.234769333299667,-0.55476104233805,-0.21200612780069,-0.338075607121138,-0.968379567203985,-0.224005072981952,-0.554942638379416,-0.212460383439637,-0.228037566756699,-0.45552635117345,-0.666483414660689,-0.481238198132844,-0.44889425638819,1.25968554625686,-0.0406672190910823,-0.734720153142436,-0.968982114947278,-0.953019463051506,1.09517271330742,0.203260008193523,1.98246788156967,0.69552208201444,-1.0411807603811,-0.314320659391685,-0.768566028825621,1.69922378951826,-0.657421563992025,-0.324615735436823,"NK cells"
57,48296,0.00215752033832363,0.495670063038602,-0.600845264921251,-0.725007628035546,-0.672939979072456,-0.273726965686314,-0.59080177074037,-0.203736078621154,0.113080131902424,0.486656940514373,-0.22254013815051,-0.530068915984795,-0.226332547829318,-0.22987877574467,-0.460224351498527,-0.561704282488391,-0.310326953743975,-0.433282362670793,-0.401053234012091,-0.162855952055012,-0.120281495051148,-0.81683530584255,1.40080903237434,0.698499250929456,-1.23987373945545,-0.410791638801189,1.08844337639197,-0.977369327560898,2.08688198679256,0.674765698287587,2.11466590242064,-0.673531381042925,-0.706734584795496,"CD8 T"
58,54123,0.00241782908048472,0.830070271328192,-0.594090203285002,-0.518708080927435,-0.651373164764314,-0.253134031886732,-0.498674193225707,-0.176069802125475,0.51492875635462,0.876696166421426,-0.194049457186258,-0.5087443287104,-0.209634113760032,-0.225053044230783,-0.460781954373598,-0.507698808539714,-0.292090575652063,-0.430299872086291,-0.329801149086768,0.0644709280999786,0.111361936837497,-0.681078348270604,1.38212066947848,-0.634544191647421,-1.09503669055631,-0.136112332531475,1.25804143288516,-0.89316311334992,2.31252560115282,0.931481803022376,1.8141450281164,-0.661601798375354,-0.692583371121994,"CD8 T"
59,50201,0.00224262213235433,0.872095496148795,-0.617477635660497,5.37514580249943,-0.664025213681642,-0.279222486263917,-0.561999881405753,-0.210204942065515,0.18577110548088,0.886412038200808,-0.159306454919786,-0.573767256497996,-0.213994821093229,-0.251445329986354,-0.471776584214542,-0.755286435323294,-0.324709237355573,-0.426093510890521,5.14860942527442,0.0524705543761279,1.63711325179146,-0.949848921967753,0.893130945087451,-0.845732815293111,-1.25330385846695,0.562501417258431,1.15225097364289,-1.00753461064396,1.29336773026506,-0.111581375498133,0.711332584899451,-0.698038855582961,-0.722677286599589,"NKT"
60,79294,0.00354228958313389,1.04507939420999,-0.590207433288123,3.09185825409955,-0.638090329570289,-0.271840996066832,-0.554473187567271,-0.222662255145518,0.412453420977479,1.69204150387039,-0.207356884756903,-0.515943750198291,-0.21470168570425,5.31306953988586,-0.452967509778962,-0.684350654610729,-0.160782427988188,-0.407987759511165,4.09628660647393,-0.0234942982392286,0.831254796905898,-1.0279351734913,0.618756380310756,-0.903141998871606,-1.10655183949806,0.126805434814689,1.19348664855729,-1.00547059888753,-0.502956665327557,-0.237399695036248,0.710747797545774,-0.680257005594301,-0.636745403143547,"gdT"
61,93497,0.00417677818188349,0.523247599801205,-0.530020620672288,-0.648595423002681,-0.57999592756745,6.03757128902657,1.92870970499135,-0.19977893824628,0.617767820757391,-0.988714256110066,-0.141973598123258,-0.503884716114654,0.171083771791319,-0.216699036284821,3.13853572617969,-0.00386585794431962,4.21459943449427,-0.391216462408187,-0.478313278067226,-0.71372665440468,-0.695404884960873,-0.756026060518882,-0.984889168526946,1.26093147718091,-0.0170224658484544,-0.667012671933545,-0.260456848034906,1.06512142601979,-0.612732776540056,-0.851775811078018,-0.855425771253251,-0.650302888396702,-0.66429276133927,"B cells"
63,112469,0.00502431163928526,-0.0351418458512182,-0.600848067983507,-0.678404376081127,-0.670359677199474,0.526400597841412,0.997657065089101,-0.209240117872998,-0.531370140407997,-1.07176797539818,-0.198766133411477,-0.576829134435575,-0.164320498742009,-0.240424962648748,2.24417209098236,-0.367926654967475,3.13840449306999,-0.444934100835652,-0.574766910174128,-1.45956821818991,-0.718540031265664,-0.948118565161528,-1.01657556960442,0.681134712518739,-0.651550416996496,-1.07139468205836,-0.777903804258726,0.216016296425324,-0.661190168648672,-0.932117931280901,-0.889490387499176,-0.681160542552357,-0.72908018120426,"B cells"
64,88923,0.0039724445304943,-0.122138084000691,-0.600848067983507,-0.648595423002681,-0.670359677199474,0.482573693106457,1.0338690119809,-0.209661792404788,-0.502761934941682,-1.02169117053512,-0.181743675366602,-0.556205347240161,-0.181798357319061,-0.240424962648748,1.15418406745043,-0.396073550987059,2.43282923751612,-0.437429711321182,-0.566561080041881,-1.28686891395732,-0.718540031265664,-0.477620942723126,-0.916580244029396,1.18100748509567,-0.552327464111315,-1.00890292881032,-0.725952720730903,0.165366889583278,-0.826047257915487,-0.932117931280901,-0.884780653219493,-0.666015032420159,-0.680378093126394,"B cells"
65,128211,0.0057275517661258,-0.22633056413005,-0.638220574955007,0.0540622706250207,-0.711967026751241,-0.198054510318329,-0.606095009980481,-0.214884311931349,-1.12349623715486,0.122216279977414,-0.212787687967171,-0.625901054592019,-0.239750521999218,-0.245285300075673,-0.48930754752912,-0.690688589030158,-0.442665056487386,-0.47925518878862,-0.6360944457184,-1.64318519045554,-0.782124317764067,-0.9409862004107,0.817045686624383,1.26289184076533,-0.406621076665734,-1.41371366038238,-0.567719409012514,-1.21896973803008,-0.948944876094079,0.63231380932295,1.08011528568035,0.503323058997147,-0.788369596941166,"CD4 T"
66,98716,0.00440992582652716,-0.10131421931849,-0.638220574955007,-0.10125685954623,-0.711967026751241,-0.230708977001801,-0.607255909873327,-0.214884311931349,-1.11487298017031,0.212706019772832,-0.212787687967171,-0.635182126708881,-0.243048921760133,-0.24397178376681,-0.488494636422929,-0.74463146434476,-0.452171785512957,-0.484158471869996,-0.641833861703321,-1.63412786740789,-0.565875902986329,-1.07635929436901,0.66325139673163,0.357861932612326,-0.68677624512971,-1.34102165073281,-0.526312128316843,-1.21896973803008,-0.868759048561606,0.497404025510835,0.666672047824624,0.458839082909905,-0.788369596941166,"CD4 T"
67,114705,0.00512420014923415,0.197163833675314,-0.634150429059192,0.0540622706250207,-0.711620186065839,-0.198054510318329,-0.607076896443005,-0.214884311931349,-1.11487298017031,0.721950979373058,-0.212787687967171,-0.625901054592019,-0.243048921760133,-0.24397178376681,-0.488494636422929,-0.756302317482618,-0.442665056487386,-0.47925518878862,-0.6360944457184,-1.50038816104727,-0.543451770241933,-1.07635929436901,1.10925533503867,0.667995975697878,0.390724708120454,-0.938458155998367,0.110333376953352,-1.18887493896875,-0.682587012731964,0.724470518734271,1.17222704277366,0.546139168013334,-0.788369596941166,"CD4 T"
68,70093,0.00313125461889429,0.943614929805488,-0.594090203285002,-0.518708080927435,-0.660689241395527,-0.300914293478527,-0.455694733914999,-0.172760076393737,0.937525761773631,0.754820049401493,-0.198870207030407,-0.522293290991173,-0.209634113760032,-0.225053044230783,-0.462650358177778,-0.557434662588022,-0.292090575652063,-0.433282362670793,-0.323650202251333,0.238156424767546,-0.586449647903729,-0.689284665932366,0.602824007181209,-0.876702817184646,-1.02102201190716,-0.422628401242477,0.917450263376516,-0.915812825046466,2.26951143987659,0.563291141194766,0.105335607725271,-0.661601798375354,-0.697227790083898,"CD8 T"
69,120823,0.00539750869300307,0.896613690239375,-0.613933007080425,-0.231948386694746,-0.674204014228114,-0.321263637949647,-0.554735425354633,-0.200962504347271,-0.158117542869645,0.986614784492035,0.460220086070961,-0.525504830731655,-0.205721854128029,-0.222915337712738,-0.471478363277895,-0.732313607825563,-0.277714456309326,-0.429532269961091,-0.0870551072293979,0.900596048454786,0.39559175464922,-0.929010290150611,1.17483216674627,-1.00933143834167,-1.22043140056204,-0.127059103265817,1.32957108076259,-0.983036594863312,-0.639972870107609,1.35447011207217,0.0437143424689399,1.72676695585008,-0.71845904944327,"CD4 T"
70,99821,0.00445928933435074,1.05602472559386,-0.619203093893634,1.43388837234361,-0.666026414885318,-0.321263637949647,-0.554735425354633,-0.201697919941809,2.68749844579775,1.03183578718721,0.620482451194813,-0.545852949863605,-0.205721854128029,-0.222915337712738,-0.468561310336933,-0.567306350345216,-0.277714456309326,-0.424620303738222,1.33326852403206,1.4854256005094,2.21030727177579,-0.711889647177056,1.27218996392692,-1.03722136516368,-1.20585011707524,0.0384300055667256,1.24351298152737,-0.921397602946416,-0.685187659551007,1.34267215960935,-0.079395543302002,2.38368728089192,-0.722677286599589,"CD4 T"
71,69783,0.00311740603298903,0.58631412261309,-0.527227212776809,-0.638009229607668,-0.57999592756745,6.08008648878131,2.98978520057817,-0.20125114588084,1.02590007318312,-0.96991086314256,-0.141973598123258,-0.465698747616485,0.220454042017596,-0.216699036284821,3.46451423100687,0.452984957175658,3.47046030917041,-0.381249431081081,-0.370109723482803,-0.514582852210189,-0.695404884960873,-0.0659835997720143,-0.944353879958658,1.30801205000019,1.58514642805687,-0.459367356890697,-0.25231720238755,0.371227002430519,-0.676501622602367,-0.783871619289416,-0.854811714077741,-0.641296543048043,-0.651889338696584,"B cells"
72,86672,0.00387188592767902,0.414887732783056,-0.600848067983507,-0.650860716692818,-0.652486417803613,1.23455009910379,3.06688883144336,-0.203608737575987,-0.28399180610797,-1.05347855029205,-0.175733285644731,-0.573105099163299,-0.186701879765295,-0.236828457474112,2.38386441508531,-0.416613656036354,3.01287878620804,-0.446660879666944,-0.58967192113834,-1.2773631295579,-0.855341792868584,-0.741845890605143,-0.943996171740285,1.11024830065976,-0.054854180979935,-0.77542759370328,-0.314918739959574,0.831881532231907,-0.675139772207694,-0.933139259370183,-0.89371059669792,-0.733813403149535,-0.723001624705938,"B cells"
73,83485,0.00372951353000142,0.837154761144268,-0.548046971897162,-0.628100264251717,-0.583604011595545,0.111498885652098,1.206409692605,-0.198085644778342,0.653375887776174,-0.946612068861725,0.112498614548017,-0.482529029159659,-0.186701879765295,-0.200134211828425,2.45034420505823,-0.162626529492076,1.82088280696546,-0.391641617043018,-0.37997010966634,-0.289287780653209,-0.697721421464487,-0.0605108755553872,-0.217367088209396,1.74990624735516,-0.714331465247738,-0.595585364251438,-0.128077340645848,0.504452311393684,-0.735624392912987,-0.890305350211874,-0.842014102023432,-0.634210677453991,-0.672526745115892,"B cells"
74,21276,0.000950459721678268,0.488568260031638,-0.594139851032707,-0.601469995520011,-0.68087349619808,-0.271840996066832,-0.426091252103645,-0.19650498178521,-0.0752412586157991,0.808720727601714,-0.212787687967171,-0.53466554770288,-0.236388871153579,-0.242007549144313,-0.457231367934517,-0.554677053971628,-0.359438810901323,-0.443935867731636,-0.376038546671437,-0.533926348808309,-0.779668303474438,-0.555327858550942,1.77249163252573,1.56014698114666,2.03928537438192,-0.174719882443415,1.26752102843637,-0.834265883041014,-0.716307903524098,1.15721606358531,-0.562353846659054,-0.649840659639234,-0.678173826887755,"CD4 T"
75,46211,0.00206437742989634,1.06195296583815,-0.590207433288123,-0.189058771824387,-0.619485671494445,-0.271840996066832,-0.554473187567271,-0.192182805626419,0.366971129533738,1.76306151985883,-0.218632112185103,-0.515943750198291,-0.214763746833349,5.25531156375471,-0.452967509778962,-0.68069633693857,-0.131222899331631,-0.43426951789562,1.85520888142231,0.0514564609582263,0.122127956685288,-1.03888405391328,0.381914341016457,0.0976375439464168,-1.12442592322213,0.0547656078035246,0.989262777926369,-1.05998291253315,-0.268358051744635,-0.00351890286994125,0.542338852690754,-0.66983837061729,-0.636745403143547,"gdT"
76,46899,0.00209511235603446,0.605802665013843,-0.610325050899122,0.0540622706250207,-0.661675554257823,-0.330287245964137,-0.563285359373423,-0.200106748962422,-0.670301944544461,1.04047918942149,6.3610951066149,-0.501399548675609,-0.215855406644379,-0.2125570685385,-0.471327085761341,-0.6416830636353,-0.291614373146482,-0.430768047740341,-0.405724953628174,-0.601172077189498,-0.563756574272836,-0.861279906004459,1.36296689798284,0.922003468522225,-0.35697821621558,-0.594696885080382,0.325738652849168,-1.08418728296193,-0.649246338023876,0.99530897927647,0.709580320790968,1.42198582293908,-0.71845904944327,"Treg"
77,80603,0.00360076635394028,0.168716563676389,-0.642734159045416,-0.242379623467947,-0.711620186065839,-0.227989598399344,-0.606095009980481,-0.214884311931349,-0.905479109062236,0.549043430352341,-0.221453748802847,-0.625901054592019,-0.239750521999218,-0.242007549144313,-0.489295133738308,-0.756302317482618,-0.442665056487386,-0.480004448996958,-0.6360944457184,-1.26823521568206,-0.482804290276123,-1.10402585334829,1.16833490345555,1.29413726533233,-0.830138207250225,-0.961532470328103,0.363797420735861,-1.19054598813275,-0.746394853576818,0.140226803079515,0.498956983855757,-0.528088704851759,-0.787400428850022,"CD4 T"
78,95110,0.00424883550144858,0.287608282343106,-0.638220574955007,-0.231948386694746,-0.711620186065839,-0.230708977001801,-0.607076896443005,-0.214178500596664,-0.894026892195741,0.324142750429404,-0.212787687967171,-0.625901054592019,-0.240061924690889,-0.242007549144313,-0.488494636422929,-0.736121960414756,-0.443904093632525,-0.484158471869996,-0.6360944457184,-1.11459670938645,-0.61615332164486,-1.02474674059833,0.874706138811178,-0.794776588190489,-0.460245310471124,-1.0007802091987,0.283009127608032,-1.10051460921237,-0.771534247346032,0.652537368331784,0.584660375702652,0.390484933868929,-0.787400428850022,"CD4 T"
79,88783,0.00396619033040805,0.683856300595871,-0.619203093893634,-0.231948386694746,-0.666026414885318,-0.311250297193271,-0.550130248321323,-0.197305245968755,1.30365704896898,0.191780122275854,-0.066832407557105,-0.560840176538116,-0.205721854128029,-0.221671500166008,-0.472144631413023,-0.266468323265357,-0.315532067464382,-0.447348426597944,-0.253272653323389,0.516550286177636,0.58521854427111,-0.235847199918415,0.668967218716691,-1.03330947864232,-0.969086274594906,-0.7471286641415,0.515446643974397,-0.8005289188171,-0.958575671852465,1.51654908068545,-0.268477374181816,2.04114381302506,-0.71845904944327,"CD4 T"
80,84724,0.00378486320076469,0.729908369932182,-0.613548367807372,0.287002634254689,-0.666026414885318,-0.321263637949647,-0.554735425354633,-0.200962504347271,0.907581226754895,0.728191445068567,1.24111815156432,-0.547014804253188,-0.205721854128029,-0.222915337712738,-0.469679726599551,-0.624746408536529,-0.306661098713581,-0.431286739055655,0.333014790829448,1.08265090102488,1.23836096336482,-0.82525492593004,-0.805801936589251,-1.04695536913445,-1.26137366736973,-0.0808694962005275,1.29683691130539,-0.842805270588668,-0.687504407398886,1.48780793892557,-0.403187380995653,1.97586048549314,-0.71845904944327,"CD4 T"
81,105032,0.00469207959613235,-0.0137267866213776,-0.5991631546529,-0.650744571143208,-0.668759334210308,1.73820828623105,1.58460259973986,-0.202274049358409,-0.105919874124464,-1.02806080260447,-0.195609210599157,-0.562671817885828,-0.153383389084299,-0.236525175637784,2.72462841529557,0.127401661005842,2.55258172450725,-0.429612529151465,-0.498083256859075,-1.1950842040227,-0.780453262678014,-0.365695887947429,-0.959337453781488,1.01236561912677,0.904386667701926,-0.864955889115414,-0.703215373773723,-0.619992324927667,-0.760416834843091,-0.890305350211874,-0.879286208551626,-0.681160542552357,-0.711179778448094,"B cells"
82,53707,0.00239924517165702,1.28383780182239,-0.540312191673799,-0.58518713260444,-0.447704260295745,0.0218201889487439,2.48219162323993,-0.196649230830334,1.8875078543886,-0.920110695312146,0.112498614548017,-0.429692687426033,-0.165199374476037,-0.199973453068169,3.37976738427622,0.187398612374483,2.35506632356165,-0.358890776335385,-0.238066191120078,0.722703405496337,-0.697721421464487,0.102920197139092,0.711333153650387,1.85687129203541,-0.279569208066689,0.0316824034216922,0.602427517154346,1.50393188216158,-0.688411442995084,-0.881369995504239,-0.842014102023432,-0.634210677453991,-0.656513596917068,"B cells"
83,143152,0.00639500893390146,0.635950192200166,-0.604592393427848,0.0701951152022101,-0.681504416059335,-0.265559781446452,-0.592922217864386,-0.218383355378856,-0.709878283447158,1.23708031698047,-0.22254013815051,-0.53466554770288,-0.226332547829318,-0.229888897270396,-0.460224351498527,-0.589214386490833,-0.306161207075601,-0.43876291057762,-0.557722385973183,-1.29317996874199,0.260367880988814,-0.987491753066518,1.51722922027969,1.64795990012582,0.0613103571518787,-0.314835204477048,0.37819156280697,-1.17282365187055,2.371395380096,1.44786087148465,1.82434974001157,-0.709746385392074,-0.736163526976911,"CD8 T"
84,166863,0.00745424706422264,0.0933400226695478,-0.617915538802137,0.0701951152022101,-0.681504416059335,-0.248933266019622,-0.592922217864386,-0.212503799824708,-0.867844491626705,0.448730096307884,-0.22254013815051,-0.53466554770288,-0.226332547829318,-0.229888009176325,-0.459868348967766,-0.485137609777214,-0.310326953743975,-0.44424484211067,-0.560226611289176,-1.44605461856033,-0.115894509650931,-0.719098669289645,1.07811512067441,1.47834358181116,-0.630370300111298,-0.893378648160241,-0.363326027909006,-1.13728626125776,2.05499890314742,0.984036334211455,1.27954124078592,-0.713948064866595,-0.736163526976911,"CD8 T"
85,30474,0.00136136066734459,1.32035318851181,0.0026193615492903,1.46533018322162,-0.518841870030001,-0.0544733480626559,-0.481284684688626,-0.188109296094438,0.521746164109477,1.92621210771445,-0.122939938126862,-0.145412473205513,-0.17844839996128,-0.164616542048104,-0.116935003760714,0.483160564910309,0.101558156405065,-0.248116144197721,0.294435644188485,0.591818821473901,1.70875423635145,0.0863434031612628,1.66042967406273,1.35977566399888,0.965592552306155,0.794944717264405,1.07421287792913,-0.357085417889412,1.51668183022472,1.95510214276739,1.89559404290028,1.65771233304705,-0.178622963976395,"CD4 T"
86,97797,0.00436887147024674,0.564344362326204,-0.594139851032707,-0.135296303397562,-0.68087349619808,-0.332000728975828,-0.588238926947682,-0.203394253187357,-0.995633551629211,0.910814987795626,-0.198333496537614,-0.515561527086028,-0.208822399645579,-0.228269052596317,-0.468279918361107,-0.273777660978642,-0.213921787895835,-0.429723742543895,-0.501190384653264,-1.12630358623221,1.01251664576148,-0.33788616600962,1.38773199167102,1.31628522184781,0.649068636836059,-0.668153860041116,-0.00645011930306681,-1.02747982056108,-0.875892135249734,1.86373037742637,1.55257230447926,2.36844495236857,-0.716017304776735,"CD4 T"
87,118554,0.00529614597874814,0.81221578862027,-0.591519550710139,0.247241158242657,-0.68087349619808,-0.332000728975828,-0.607255909873327,-0.20513863994542,-0.927256591743401,1.68046661172331,-0.225090790035651,-0.515584106814368,-0.232362023202139,-0.229447480183599,-0.47015764657704,-0.668097890771094,-0.208660176868267,-0.431071922215024,-0.501190384653264,-1.08572180777478,1.5586481906393,-0.704221200018246,1.60928249942057,0.98436030813616,0.0168247406008839,0.0362685130185513,0.655082624400219,-1.06946427829424,-0.463666709235199,1.68012932163876,1.57933771237823,2.12223286454235,-0.716017304776735,"CD4 T"
88,56671,0.00253165552205439,1.12173032185585,-0.594139851032707,-0.316639707801326,-0.68087349619808,-0.332000728975828,-0.588238926947682,-0.20513863994542,0.00909712540284914,1.20568071068073,-0.189192767889062,-0.519155747468866,-0.220480017309433,-0.228269052596317,-0.470247586709074,-0.648439366830611,-0.234131215994691,-0.436895130477792,-0.32147553700521,-0.663496970916055,-0.246235467190024,-0.737402416925209,1.49817786762832,-0.914897520826736,1.8044316837116,-0.122968732432014,0.869759151935505,-0.967673700864688,-0.636296984545582,1.56827332620736,0.547309240655507,1.80638062158274,-0.712386878148066,"CD4 T"
89,64608,0.00288622399408674,1.08286356621195,-0.600992968676393,-0.231948386694746,-0.677768723931454,-0.330287245964137,-0.579809059689049,-0.203267247860601,0.391879299943479,1.27130082543978,-0.0995239519147692,-0.523378540004487,-0.219596724803176,-0.228269052596317,-0.470247586709074,-0.653520276914831,-0.238549417492315,-0.431286739055655,0.0298676948638694,-0.74056337579964,1.5393875049126,-0.738099831643835,1.41107299294851,-0.910798548346788,-0.262255195165166,-0.055741211609511,0.896985383453299,-0.99617711437367,-0.570026046738541,1.72909505681652,0.934530778701536,2.16662506993095,-0.711095207914345,"CD4 T"
90,39585,0.00176837507438589,0.850793142396885,-0.602953707881565,-0.231948386694746,-0.661675554257823,-0.311250297193271,-0.560257650450339,-0.20120339146291,-0.883407054135544,0.939198121091047,6.96774985709922,-0.501399548675609,-0.213611362359898,-0.2125570685385,-0.471327085761341,-0.669964112127348,-0.291614373146482,-0.433282362670793,-0.385154080781381,0.507167507553908,-0.614230065335627,-0.776853560002826,1.32723267369197,-1.00707292961805,-0.939430539142037,-0.143697282897045,1.02196845118545,1.03919779031371,-0.684987463728284,1.07315860466353,-0.188581385690285,1.45884614132619,-0.71845904944327,"Treg"
91,67383,0.00301019117436768,0.259688894929068,-0.596614102146009,-0.64257323430397,-0.657734687866913,1.76725334010041,1.70368495344182,-0.20125114588084,0.929009081153786,-1.01430724332171,-0.196119148712678,-0.522822987181303,0.161399577012298,-0.232015072298933,3.48727788232189,1.48527315885901,1.20913016880113,-0.406437379719298,-0.411114406684525,-0.382673443622573,-0.81779348348766,0.540923865624168,-0.854329197385403,1.1230643282699,2.19823489086445,-0.580371697109977,-0.714466867114123,-0.869852538863086,-0.705598851165645,-0.860952441697446,-0.876102057991449,-0.696275796937322,-0.702733938396215,"B cells"
92,14732,0.000658120540504054,1.49274962624301,-0.198146987527414,0.428391633981146,-0.551406764778829,2.82477721450927,2.20860773851127,-0.196584073990787,1.2570152134119,1.30455018565821,-0.0684301298711874,-0.232391194309738,-0.0189439607130186,-0.199662372941893,2.84252939073763,0.425321074890998,3.14086184573747,-0.301271054744483,0.131249124423553,0.294439682575812,0.82855508223081,0.197044478090029,1.18262649412845,1.55070187707196,1.19703451548625,0.524417380946866,0.830500819826836,0.775070344695235,0.406268504864414,1.2193254312041,0.801613370825807,0.621517758920313,-0.365683340009733,"B cells"
93,56283,0.00251432245324394,0.727509644308511,0.0410028472220675,0.76804839842788,-0.0428120709583219,-0.0584900508541452,-0.486919516427787,-0.197885059131916,-0.205230132795949,1.33561534630512,-0.199755662163305,0.0298504383787987,-0.17844839996128,-0.228515933592433,-0.237469186977746,0.0521411514432859,-0.125852471128142,-0.277735785544698,-0.29224953991977,-0.276426232360188,1.04173344275594,1.01958350711347,1.33170653147618,1.48622104981219,-0.00813055578769997,0.352953736274669,0.296883737890777,0.389830249366985,2.37768472989255,1.29000591224246,1.40986740656178,-0.383383584717877,1.37776380052187,"CD8 T"
94,117404,0.00524477219232541,0.683393257608228,-0.617915538802137,0.0701951152022101,-0.681504416059335,-0.288975190721303,-0.592922217864386,-0.212503799824708,-0.468392320076664,1.25077027611243,-0.22254013815051,-0.553200660564122,-0.226332547829318,-0.229888897270396,-0.460224351498527,-0.611424333234969,-0.310326953743975,-0.458051010477433,-0.565986238481676,-1.2767279797783,1.85774841906975,-0.84623741287151,1.44748850160103,1.54250073255107,-0.593859694931909,-0.627980556279178,-0.0456011716070805,-1.19120056480755,2.19274149595497,1.21516546899359,0.798047122198409,-0.713948064866595,-0.721764109593477,"CD8 T"
95,59504,0.00265821372808534,0.659798433698287,-0.600845264921251,0.103360243163888,-0.681504416059335,-0.208024114681924,-0.594548881626095,-0.203736078621154,-0.743590929947108,1.01674281452006,-0.221358870531738,-0.543087347392162,-0.225370815925851,-0.229888009176325,-0.460224351498527,-0.231950049257897,-0.310326953743975,-0.44424484211067,-0.560226611289176,-1.24478779301595,0.534397450460453,-0.799998892011232,1.41520991806834,0.727614214320219,0.871009452903568,-0.493191427528466,0.182252123653518,-1.12539271923867,2.18265561413006,1.38522430005145,1.83483232910547,-0.713948064866595,-0.725190453742861,"CD8 T"
96,176842,0.00790003751179866,0.724203334060599,-0.598387002065685,1.58191413733335,-0.68087349619808,-0.259350608925993,-0.593309594703851,-0.203394253187357,-0.848507588054515,1.91318738207932,-0.225090790035651,-0.515584106814368,-0.232362023202139,-0.228269052596317,-0.468279918361107,-0.674873036364622,-0.19824699465395,-0.431071922215024,-0.496169891942642,-1.10885789303044,0.708570357581472,-1.11314493581154,1.56303188648529,1.1556002176378,1.27384215563907,-0.271900881990943,0.570458973490529,-1.1632122701205,-0.454893663058728,1.65256223415492,1.75096701439385,1.93928016200102,-0.716247235999126,"CD4 T"
97,83844,0.00374555108593686,0.785282913612457,-0.594139851032707,0.241739574889845,-0.691440014304302,-0.361776581912973,-0.607328878038428,-0.213340123217548,-0.745388024088391,1.61124977355463,-0.225090790035651,-0.537021407245291,-0.237827980139885,-0.229811344684541,-0.471008480073466,-0.634047340466458,-0.213921787895835,-0.439386766355335,-0.50513932401628,-1.09146189845452,2.57745251396084,-0.87405993987652,1.38900055581906,0.866159149304658,0.285039108757054,-0.739810678358115,-0.171088789670506,-1.17249819945113,-0.55674511892886,1.47838352423739,0.624065947701025,2.17073924339884,-0.701233979234567,"CD4 T"
98,122426,0.00546911928399058,0.837938777111983,-0.594139851032707,0.241739574889845,-0.691440014304302,-0.305754928574076,-0.593309594703851,-0.203394253187357,-0.870274603915238,1.59194751642798,-0.201026916643362,-0.515584106814368,-0.219743462173981,-0.229158932011021,-0.47015764657704,-0.560304204504789,-0.213921787895835,-0.431071922215024,-0.496169891942642,-1.06190570312995,1.59168302826835,-0.773256259006892,1.54841621074155,0.158428235654603,1.32034311114395,-0.215394869204427,0.515319563502671,-1.10041192471209,-0.457686808469506,1.86199015659491,1.51689357599201,1.90233701280441,-0.716017304776735,"CD4 T"
99,47758,0.00213348634084935,1.37835254772028,-0.59981171957881,-0.407905801933565,-0.671721937660469,-0.311250297193271,-0.536797997679239,-0.199907316966535,2.11359869631614,1.47810931235617,-0.0662472227845464,-0.516787645905065,-0.205721854128029,-0.223950885155198,-0.468817449333462,-0.567684684090049,-0.254570581510925,-0.431286739055655,0.479123886284691,1.143753785355,-0.425369777618976,-0.728822675817216,1.44384078027184,-0.991942084731098,1.95118551625193,0.519282297482089,1.41048226374477,-0.393895928788707,-0.665841466310372,1.77293038168983,0.226501435919345,2.30983151191599,-0.708754423825231,"CD4 T"
100,38045,0.00169957887343719,1.53777987784265,-0.568541894196405,-0.378150247041241,-0.639966042603014,-0.300914293478527,0.700230600386413,-0.17597343873366,2.06664122859734,1.33085970713534,-0.249711930722395,-0.449987658873205,-0.209634113760032,-0.227047662313902,-0.457824513452755,-0.401652467682205,-0.255824042281032,-0.410826463835887,-0.13369436526854,0.787684258174541,-0.585936307932782,-0.593060700043259,1.47198669105722,-0.81394776244079,1.74996011244048,0.303591748311284,1.30086409459733,-0.395578035762862,2.62714988391461,0.793840575903015,0.327206271295934,-0.614544259306184,-0.613459967583894,"CD8 T"
