"olink_id","IL8","TNFRSF9","TIE2","CD40.L","CD244","EGF","ANGPT1","IL7","PGF","IL6","MCP.1","CRTAM","CXCL11","MCP.4","TRAIL","FGF2","CXCL9","CD8A","CAIX","MUC.16","ADA","CD4","Gal.9","VEGFR.2","CD40","IL18","GZMH","LAP.TGF.beta.1","CXCL1","TNFSF14","TWEAK","PDGF.subunit.B","PDCD1","FASLG","CCL19","MCP.2","CCL4","IL15","Gal.1","PD.L1","CD27","CXCL5","HGF","GZMA","HO.1","CX3CL1","CXCL10","CD70","IL10","TNFRSF12A","CCL23","CD5","CCL3","MMP7","NCR1","DCN","TNFRSF21","TNFRSF4","MIC.A.B","CCL17","ANGPT2","IFN.gamma","LAMP3","CASP.8","ICOSLG","MMP12","CXCL13","PD.L2","VEGFA","LAG3","CCL20","TNF","KLRD1","GZMB","CD83","IL12","CSF.1"
4657,6.21697,9.29441,7.82869,5.5514,6.58972,6.752,9.60052,3.22013,9.35283,3.82947,10.71472,6.15087,7.75575,10.06282,8.87049,1.12747,8.36112,11.03594,4.01191,1.8613,6.48382,4.75423,8.04384,8.18781,9.42505,8.35948,4.70984,9.57579,8.45012,6.09499,7.68775,10.7416,7.14494,8.82676,11.21985,6.78632,7.52475,4.98942,7.06231,6.82211,9.0298,10.52738,7.95992,8.02915,11.76186,5.92712,10.07653,3.65174,4.43255,5.72686,10.45807,7.39869,6.34705,10.55592,5.9754,5.21274,9.90924,8.37427,7.20156,9.70337,6.87606,10.11741,6.28754,3.52303,6.61798,8.76881,9.3462,2.21179,11.65624,5.87214,7.49004,5.94979,7.43442,5.93645,4.11234,9.42957,10.49537
4663,5.73202,9.34144,7.27533,4.15835,6.68931,5.17461,6.35759,2.39317,8.41575,5.86485,10.58342,5.87341,6.23978,8.13772,8.4431,1.12747,9.62821,10.97532,4.54315,4.14409,6.37028,4.68948,7.99701,8.03036,8.809,8.09572,5.40669,8.17159,8.04348,4.9367,7.59608,8.438,7.53576,8.28689,11.18053,6.78182,7.15942,5.00387,6.81889,6.32763,8.92444,8.00091,7.42439,7.30245,10.87833,7.03152,10.00109,3.43532,4.59895,4.6883,8.97451,7.51926,5.68991,9.97544,4.82692,5.29442,9.55797,8.15077,3.24381,8.48663,6.98348,9.87946,5.99368,3.37685,6.63892,10.01199,10.16971,2.5996,10.51528,6.28777,8.22383,5.67689,6.764,4.28254,3.67201,8.5754,9.98502
4669,3.12756,7.67948,7.33776,4.29641,6.74645,6.28899,6.90158,3.19654,8.93975,2.37234,9.04175,4.93356,6.67567,7.79034,8.55469,1.12747,7.1163,10.54587,4.85368,2.9987,6.7436,3.78187,7.61344,7.89687,9.11259,7.90953,3.78185,8.0047,7.42957,3.97957,8.07579,8.63975,6.29568,7.85596,9.70759,6.64311,6.25681,4.76976,6.65979,6.45278,8.23448,8.1081,7.27971,6.12477,10.96476,5.36153,8.46316,2.73729,3.25943,4.71221,9.50707,5.96058,4.98561,8.94105,4.72764,5.49311,9.24904,7.4114,5.90232,7.53224,5.92879,8.5774,4.84396,3.50105,5.96976,7.2074,8.43394,3.24652,9.35599,5.42196,5.9635,4.38236,6.47885,3.95864,3.1007,8.16132,9.905
4671,4.17001,7.96979,7.63578,5.07869,6.75041,7.58817,8.59046,4.33857,8.13061,3.88964,8.93885,4.45487,6.49444,8.91718,8.39412,1.12747,5.74211,9.27325,4.59916,3.03186,6.04095,3.60767,7.24636,8.10192,9.42676,7.76638,2.79646,8.50104,9.45922,4.33899,8.75019,10.20118,6.18479,7.6105,10.44186,6.96221,6.09613,4.62285,6.1611,5.9767,7.83506,11.60194,7.32831,5.37456,10.63916,4.77873,7.18475,2.5472,2.76096,4.13664,9.04628,5.74891,4.59689,9.18389,3.84187,5.19883,9.07339,7.09924,2.06944,8.00085,6.4091,5.40946,5.13922,3.33093,5.90664,8.95473,9.21989,2.3835,9.02457,4.52775,6.90062,4.34114,6.0069,3.35414,2.92859,7.73018,9.56079
4679,3.44813,7.08752,7.06363,5.12037,6.32033,7.18658,7.77222,3.39929,7.95745,2.67905,7.3316,5.27748,4.86197,7.57903,7.45712,1.12747,5.60648,9.50805,4.31754,3.50521,6.06511,3.36266,7.1785,7.8289,9.13483,7.66456,2.80047,7.88161,8.18316,3.63193,7.85391,9.42312,5.88954,6.74713,7.62931,5.55326,6.34913,5.29054,6.71502,5.47224,8.13961,8.65979,7.20958,5.04643,10.66029,5.20743,6.69637,2.3074,3.13169,3.99623,10.3798,5.62812,4.6091,8.60343,3.48562,5.0835,8.60541,5.49327,2.06944,8.27411,5.74782,2.5186,4.08343,3.16324,6.14765,6.72673,10.01172,2.09905,8.92785,4.15558,6.51455,2.94395,5.82123,2.46954,1.87151,4.3587,9.37735
4681,3.55695,7.32817,7.29206,4.20429,6.23279,5.87852,7.39848,3.99343,7.65659,2.89724,7.28249,5.45029,4.95127,7.68042,7.00841,1.12747,6.00974,9.81123,4.95287,3.73191,5.81654,3.71596,6.48893,7.88175,8.62521,7.78928,2.82357,7.6227,7.36222,3.71475,7.17573,8.47838,6.22867,7.26442,9.16172,5.26496,5.09917,4.8988,5.82834,5.7274,8.25635,8.42291,7.32266,5.62016,11.11425,5.60339,6.75469,2.22231,3.55831,3.24387,9.42266,6.04141,3.62064,8.22703,3.47433,4.39887,8.37349,6.2608,5.99501,8.40315,5.46341,5.08663,3.87077,2.43088,5.62196,5.86509,8.80175,2.09905,8.8003,4.15085,6.45917,3.44418,5.3712,2.98029,2.67877,7.37563,9.34069
4683,4.09453,7.34795,8.0938,5.90329,7.98304,8.20197,7.97875,3.65107,8.48638,4.1233,9.50212,5.89835,6.79257,7.98601,8.12432,1.14134,8.19497,10.11317,11.50523,3.36193,5.45882,3.90107,7.59036,7.88334,9.85892,7.97861,3.55086,8.82987,8.66701,4.47011,8.21602,9.68754,6.39904,7.03252,9.61933,6.98629,6.79266,5.51937,6.0286,6.77319,8.13284,10.12678,8.5465,6.1093,10.99196,5.38753,8.67893,2.39507,3.20194,6.55278,10.17909,6.01996,5.36569,9.89726,3.71806,5.3318,9.91866,6.80991,8.49526,9.043,7.62873,6.41006,5.00538,3.27474,6.6514,7.72155,8.19942,3.09297,10.15859,5.84948,7.05149,4.49315,6.58662,3.38563,2.48988,7.51843,10.23513
4687,3.59416,7.87128,7.35662,5.84801,6.57946,7.53792,8.6184,3.6138,8.14376,2.37234,8.46484,4.34036,6.16354,8.75506,7.75431,1.12747,5.88973,10.0703,4.49959,2.47467,6.48194,4.44818,6.98699,8.34713,9.31994,7.71929,3.62264,9.45881,8.18336,4.55018,8.00018,10.57645,5.54815,7.10168,8.82645,7.01921,6.41781,5.06763,6.61555,5.96672,7.9829,9.27999,7.69597,5.24028,10.11547,4.88307,7.14987,2.07195,3.17341,3.77209,9.46811,6.10697,4.79369,7.40985,3.72758,5.08823,8.52993,6.05647,5.07667,8.89755,5.54235,3.71054,3.97895,3.59927,6.05074,5.8606,8.72122,2.32021,9.21017,5.21272,6.40969,3.59998,5.48469,3.06684,2.34576,5.95878,9.42538
4693,3.36195,6.7742,7.06747,3.05347,6.10878,6.20017,9.40878,4.29581,7.78688,2.37234,7.45878,3.79502,4.65034,7.81585,7.19689,1.12747,4.46344,9.12613,3.66298,3.19066,5.41277,3.49138,6.44182,7.98307,8.6367,7.08846,3.27942,9.1154,6.97385,3.90216,7.68692,10.72817,4.81253,6.79359,6.994,6.47548,5.42696,5.42993,5.81161,5.60536,7.61084,8.2083,7.57863,4.70612,9.30904,4.50326,6.32909,1.81209,3.68374,3.46781,10.43673,5.04943,4.0494,6.81682,3.54434,4.773,8.17682,4.95404,2.18441,7.14891,5.27726,2.5186,3.54928,2.47855,5.79261,5.4153,9.36734,2.09905,8.94261,4.13236,5.83156,2.91213,5.35656,2.46954,1.46248,4.11577,9.29117
4695,4.12371,8.35688,7.14178,5.20276,6.80501,7.35209,8.35221,3.64819,8.44511,3.01011,9.14223,5.90592,6.98175,8.69385,8.24648,1.12747,7.6749,9.73309,4.22948,3.54693,6.51342,4.02832,7.33003,7.7012,8.86505,8.1832,3.83635,8.77312,9.49589,4.63541,8.24537,9.77762,7.40755,8.07205,11.7411,7.19693,5.5743,4.59351,6.37924,5.86801,8.28692,11.46727,7.34893,6.62679,10.55838,4.86577,8.1141,3.28928,3.8924,3.68175,9.4808,6.88068,5.01868,9.33868,4.26161,5.22279,9.15709,7.09203,6.47094,10.71964,6.36471,6.10282,5.17832,3.44006,6.28442,8.37988,10.0209,2.09905,9.27152,4.85191,7.67236,5.12868,5.83866,2.92194,3.39414,8.16949,9.96812
4705,4.11868,8.45432,7.90784,8.22665,7.80588,10.02584,9.94706,5.37893,9.02534,3.63761,9.25453,4.76585,10.16339,9.66066,7.89108,2.55189,7.11622,10.00552,5.60688,3.2042,7.1677,4.04241,7.1826,7.98742,10.96671,7.82138,3.53648,9.87113,10.28233,6.34512,9.22134,11.3587,5.71927,7.41324,10.56077,7.3131,6.96854,4.82833,7.05746,7.04597,8.02366,12.07619,9.47357,6.07924,10.47827,5.38274,7.7212,3.06293,2.85174,4.56017,9.62974,6.10487,5.64991,8.56125,4.4894,5.43333,9.33313,7.20467,5.17126,12.21937,6.41983,5.34913,4.35443,5.20721,6.05572,7.23625,9.49016,2.29871,10.05306,5.16697,5.92349,4.38052,5.88654,3.69501,2.45455,7.05928,10.35454
4709,4.90316,9.7404,7.20568,6.81724,7.54393,8.52441,8.52238,4.40565,9.1515,4.68417,10.10608,6.92291,7.99441,8.54607,8.59449,2.12834,9.77739,11.51059,4.72394,3.92044,7.31508,4.87416,8.31428,8.166,10.01254,9.64958,6.25064,8.95241,9.77052,5.56019,8.45729,10.9563,8.15432,8.33291,12.44241,7.48556,6.98913,4.90033,6.88712,7.15982,9.47493,10.21943,8.09575,7.30682,11.58564,5.36093,10.42242,3.74064,6.4645,4.44769,9.99748,7.56426,6.45714,8.93945,5.04364,5.68936,9.49629,9.27371,5.87013,9.92801,6.36723,9.34043,6.37632,4.403,6.38871,8.38757,12.40277,3.12668,9.96439,7.48726,7.86307,5.82575,7.72189,6.38602,4.06752,9.57652,10.29387
4713,5.47285,6.77531,7.61691,9.42506,8.60711,10.62184,10.46381,6.37666,9.12237,3.0542,8.91824,4.75922,9.13103,9.17313,7.90293,3.76699,5.60622,9.1006,4.66585,5.55296,7.05659,3.62603,7.16202,7.52507,11.05024,8.65944,2.62555,10.5158,10.53265,6.75329,8.95443,11.74324,5.7779,6.91463,10.12565,7.35448,6.28285,5.05264,7.01274,7.8443,8.14776,11.75392,8.60671,5.41285,11.86604,5.26509,6.72012,2.79484,2.18162,4.66689,9.51113,5.92783,6.07478,9.39872,4.01272,4.86931,9.31601,7.12572,6.13261,11.81056,6.29802,4.15848,3.63107,5.61905,5.78223,6.65826,9.329,2.49548,10.17315,4.19029,6.61549,4.15976,5.83473,3.23965,2.22465,6.26903,10.20857
4721,6.53599,8.15946,7.55114,5.58335,6.80055,7.11963,7.59361,3.4115,9.43064,6.63513,10.08934,5.8875,7.57792,8.17546,7.99673,2.1457,6.43082,10.27714,4.88762,5.29924,6.77331,3.96729,8.091,7.83678,9.90596,8.98016,3.60971,9.185,8.08832,6.39857,7.85461,9.82396,6.52327,7.43056,11.75472,6.64281,5.95562,5.32447,6.28026,6.92828,9.00402,7.22585,8.38821,6.30105,11.34029,5.44417,7.40888,3.02734,3.69504,5.35717,10.54027,6.4731,5.37141,10.54408,4.96038,5.36888,9.52038,8.0923,2.2562,9.86335,7.60613,6.02712,5.88055,3.35719,5.61053,8.80846,9.03147,2.51195,10.91915,4.50682,7.02697,4.98016,6.83367,3.63887,2.93581,8.21436,10.56896
4727,2.73332,6.40769,7.91466,6.56946,6.29902,8.14267,9.92561,3.60016,8.05064,1.50004,7.77297,3.94275,5.97174,8.10565,7.95781,1.51947,5.18507,10.02513,4.82465,1.49443,6.89128,4.4367,7.00823,8.46127,9.0042,8.11701,3.01245,9.30326,7.54325,4.83258,8.93152,10.85377,4.26776,6.78306,7.60252,7.44338,6.59873,5.10901,6.45661,6.1099,7.35919,8.5912,8.79427,5.17735,11.09292,4.51698,6.52538,1.66483,3.05389,3.84825,9.39123,5.34831,5.25356,8.63522,2.94457,4.73117,9.08065,5.07844,6.34208,8.52849,4.85793,2.64787,3.59861,3.77814,6.09356,5.17555,8.94193,2.03673,9.58705,3.71094,6.00103,3.45047,5.81888,2.32517,1.88472,3.94607,9.91194
4729,3.20062,7.10713,7.92691,4.61352,6.49559,6.52573,8.49651,3.40534,8.36413,1.86582,7.35147,3.99137,4.38032,7.99961,7.31289,2.13912,4.4363,7.72374,4.71682,3.09009,8.35285,4.09374,7.32289,8.22772,8.4571,8.41169,4.33625,9.89861,7.36328,5.88144,8.50555,10.37478,5.87224,7.06716,7.5204,6.62157,5.25202,5.46094,6.54592,5.92675,7.79691,7.78871,9.95874,5.14341,9.10838,4.65055,6.01292,2.35492,1.99124,4.02793,9.70194,6.89891,3.96966,6.7964,3.53267,4.99686,9.34309,5.95451,5.00229,8.72798,5.80267,1.77366,5.29862,9.0096,5.97339,6.59535,9.59691,2.12706,9.54763,4.01253,6.24949,2.68342,6.17236,3.81582,2.43262,4.8509,9.81292
4733,4.44235,9.50899,7.67199,4.69252,6.77033,6.51607,8.46698,2.94157,8.867,5.02205,9.56156,5.98619,5.82125,8.77688,8.65473,2.15127,7.14516,10.75795,3.6571,1.5519,7.2468,5.49445,8.22199,8.31624,9.32557,9.28678,3.66456,9.05555,7.81249,4.575,7.95013,10.38057,6.88424,9.81564,10.67525,5.91559,6.49738,3.48046,7.11426,5.99505,9.14057,8.00818,7.64659,6.33419,11.23464,6.02736,7.93043,2.67495,4.21008,5.46541,9.67227,7.31622,4.43253,9.69189,5.68377,5.76151,9.77788,8.51936,5.83162,10.05373,6.64267,6.29631,6.06005,3.68579,6.30989,8.21689,9.48293,2.19897,11.18172,4.90348,7.17594,5.14926,7.12116,5.00367,4.20046,9.80478,9.6881
4739,4.86463,8.25108,7.55046,9.31074,8.0097,10.0486,10.47646,5.9854,8.9688,2.72175,9.5228,5.34096,8.90317,10.57703,8.77408,4.13889,6.85755,10.36497,5.28341,2.04548,7.08849,4.54517,7.82356,8.08856,11.04464,8.50982,8.95315,10.53858,10.81236,6.53679,8.82494,11.47502,5.60181,8.02881,11.10663,8.23105,6.51286,4.49393,7.39588,7.06132,7.91881,12.28865,8.24126,8.61026,11.41685,5.6844,9.30649,3.79908,2.39941,5.08692,9.63084,6.6975,5.37374,9.45624,4.46798,5.8443,9.37135,7.26892,5.62648,11.31709,6.13538,6.30794,4.06329,6.69391,5.89625,6.9567,9.59767,3.87001,10.66007,5.12894,7.18456,4.23701,6.58672,10.42074,2.89523,6.85967,10.01031
4743,3.32913,7.51834,7.3533,3.85304,6.96413,6.42628,7.56177,2.43476,8.40147,5.30956,8.57205,4.72776,5.99587,7.92666,8.11339,1.19564,5.93748,10.51144,4.75281,3.22554,5.9025,3.96188,7.0589,7.83425,9.35371,7.51972,2.54995,8.03852,8.0231,4.6618,8.13556,9.14086,5.77602,7.37464,10.10959,6.06647,5.7614,4.53433,6.27246,5.8407,8.09463,9.47664,8.35787,6.221,10.85302,4.67012,7.17007,2.48457,2.97442,4.0049,10.04498,6.23614,4.63771,8.7377,3.07757,5.51417,9.12111,6.75696,6.77658,8.40166,6.2,4.13168,4.41277,3.24564,5.67152,7.99896,9.55374,2.40253,10.46061,4.51403,7.20509,3.93067,6.41646,3.5187,2.84209,7.1156,10.02835
4745,4.08995,7.80714,7.54679,4.8597,7.30333,6.14924,6.89907,2.2496,10.55017,4.62063,10.1319,3.96086,5.7877,7.37501,8.0687,1.8037,6.29855,10.79136,4.7303,8.72741,6.03853,4.24055,7.57502,8.41878,9.17294,7.87556,2.12805,9.08888,7.7637,5.05388,8.08441,8.69159,6.80963,9.1883,10.84505,5.51587,6.01774,4.71145,6.49,6.49112,8.61308,8.10134,8.0368,6.60762,11.01647,5.69892,7.52331,2.54161,3.36348,5.54185,9.83702,7.17731,5.57276,11.22915,6.32455,5.73149,9.98107,9.04643,6.49098,8.86454,7.25306,6.60472,6.06777,2.80565,6.18265,7.51884,8.52513,2.08794,10.92327,4.52801,6.35973,4.65754,6.64972,4.73044,3.81353,9.54254,10.49581
4747,4.61081,6.25697,7.0816,6.57584,6.77196,7.90039,8.7436,4.12649,8.22484,3.44511,8.58382,4.16418,7.56964,7.76907,8.11224,1.14081,5.55161,9.22019,4.41958,2.49744,6.48802,4.19753,8.56248,7.70343,10.00848,8.28391,5.01532,8.86762,9.2063,5.45009,8.05649,10.59868,4.86243,6.2469,8.05084,7.57756,6.21458,5.52339,6.39583,7.3124,7.76686,9.25472,8.45078,5.56151,12.52883,6.22232,9.26764,3.04707,5.42822,4.48561,10.43419,5.09648,5.15036,8.55045,3.6819,5.05664,8.99411,5.10526,5.44436,7.807,5.07091,3.56207,6.33632,4.38993,5.40234,5.9462,9.57563,2.01735,10.32532,5.95516,5.51008,3.67531,6.65321,5.68142,1.70025,4.10868,9.79676
4755,4.44376,8.89326,7.55385,6.86105,7.23496,8.32151,9.36949,4.13017,8.93649,4.68049,9.77951,5.84494,7.83952,8.49964,8.49562,3.06478,7.67889,11.1515,4.75269,4.30421,6.83926,5.19599,8.28681,8.28335,9.89138,8.77038,5.52081,9.6255,8.85368,5.76033,8.52743,11.16576,7.90113,8.18739,11.88076,7.41821,6.53957,4.2351,6.56692,6.73586,9.22685,10.10859,8.18515,7.30709,10.67199,5.0912,8.57372,4.18244,4.3011,4.80157,10.31367,7.44676,5.35401,8.89508,5.44873,5.104,9.6409,8.33944,1.98237,10.72432,6.73941,6.36123,6.56587,4.4369,6.10975,8.23501,10.25123,2.22229,11.61348,5.82625,8.3714,5.71831,6.87656,5.8085,3.97763,9.44961,10.40383
2569,5.7894,8.68477,7.74797,6.13386,7.04362,8.1911,8.53026,3.10109,9.69237,3.56446,10.49963,5.05739,6.79798,9.39439,8.35253,1.92765,7.6462,10.0724,4.37075,4.10745,6.61626,4.26412,8.14601,7.7822,9.88512,9.30351,4.34344,9.36177,7.94901,4.49279,8.67981,10.13363,6.86819,7.9801,11.24943,6.86115,7.18465,4.93333,6.66077,6.67322,8.80096,8.25038,7.97897,6.00035,12.27926,5.5783,8.77559,3.38222,4.94676,4.71226,10.59463,6.67999,6.04891,9.46445,4.38717,5.58934,9.81583,8.49966,7.20044,8.9277,7.36929,5.70246,5.88782,3.57886,6.50516,9.80161,10.5812,2.79869,11.13358,5.97867,7.4678,5.59828,6.47589,3.91992,4.18244,9.80827,10.16616
2571,6.18051,9.0064,7.55734,5.67801,6.65747,7.82254,9.61016,3.45508,9.13912,2.3483,11.33104,4.96206,6.11571,10.17966,8.49029,1.59429,6.89759,11.12893,3.34188,4.44563,8.6218,5.03438,8.35877,8.19455,9.65242,9.26956,6.20747,9.52849,9.48338,5.73839,7.7688,11.13738,6.79097,8.05522,11.9949,7.06955,8.09838,4.64333,6.89925,6.16573,9.11709,9.26216,8.10925,7.67953,10.88153,6.01985,8.60006,3.22845,3.60402,5.00577,10.00319,8.95344,6.01271,11.05521,5.08887,5.15957,9.97234,9.0769,5.63888,10.53975,7.02284,5.89958,6.40946,5.83334,6.1552,9.97371,10.37167,2.37496,11.26249,4.82383,8.32043,6.30473,5.63691,8.98061,4.02879,9.06585,10.1084
2546,4.1533,7.67021,7.09762,6.30324,6.58254,7.48203,8.16672,4.2547,8.55807,4.88316,9.49781,4.35833,6.8334,9.4854,7.88177,1.76237,6.75041,9.01392,4.73474,3.48199,5.3189,4.15301,7.28639,7.34669,9.61706,7.45451,2.91236,8.87426,9.13499,4.89635,7.53156,10.14382,5.48733,7.11063,12.5532,6.7194,5.48125,4.64333,6.00784,6.30669,8.43434,9.58315,7.71933,5.85989,10.18877,5.03712,8.04581,2.99817,2.65999,4.03951,11.38868,6.42063,4.98296,9.66732,4.15358,5.11754,8.89173,8.14465,5.40448,12.21483,7.30529,5.16635,4.9375,3.31306,5.21028,8.24919,11.84619,2.01683,10.92813,5.50627,5.90238,7.99842,5.68378,2.68856,2.32703,6.84004,10.03543
2655,4.17707,8.41982,7.36467,5.19964,7.50357,7.53722,9.28606,4.12764,8.58444,4.02458,9.49854,5.84386,6.25894,8.94403,7.79978,1.27926,7.11088,10.20577,4.79452,3.95988,6.61493,4.53918,7.75879,8.12051,9.35605,8.27053,3.17635,8.77226,7.83998,5.31538,8.51914,10.64657,7.23308,8.17082,10.36126,6.29728,6.68118,4.95739,6.74463,5.90228,8.55119,9.39765,8.28808,6.34423,11.18815,5.45061,8.45988,3.23918,3.83104,4.36052,10.35634,7.18753,4.79677,10.18363,4.50945,5.41736,9.54333,7.79087,5.10925,10.67039,6.67797,6.37914,5.24391,3.22378,6.27606,8.64525,9.38897,2.4548,10.7372,5.41875,7.20022,4.92931,6.30777,3.72508,3.7163,7.9517,10.05898
2656,5.13601,6.73407,7.67674,7.41368,6.49546,9.19617,10.21795,4.56766,8.66664,5.61936,9.99106,4.13067,7.0489,8.99355,8.18995,3.11573,4.77944,10.40021,4.77356,5.08252,6.49648,4.07888,7.34215,7.75526,9.97422,7.68997,3.32447,9.14003,9.48227,6.42151,8.73519,11.33871,5.63329,7.6261,9.95583,7.24027,6.52639,4.73589,6.18953,7.00236,8.09905,10.04309,8.69567,5.85674,11.07664,4.70626,7.16171,2.30481,3.09372,5.0402,10.68649,6.49042,4.79946,10.33516,4.12187,4.79379,9.12652,6.89865,6.12602,10.00965,7.20541,4.29205,4.15204,3.57447,5.04915,6.88888,9.72218,2.24183,11.48401,3.87349,7.094,4.08277,6.46388,4.09136,2.48766,6.80843,10.52535
2657,2.61473,7.02955,7.4102,5.21424,6.73793,6.50382,7.25343,2.66181,8.66429,3.31811,9.02942,4.33284,6.29598,8.42846,8.27332,1.01107,6.11873,10.51618,4.45173,1.55478,6.38672,3.62664,7.21921,7.86985,9.40064,8.49244,3.57988,8.0492,8.11364,4.17544,8.0672,9.18502,5.10777,6.73532,10.02149,6.31473,4.58575,4.74601,6.57824,6.04977,8.00554,8.15872,7.62561,6.36952,11.09786,4.9475,8.54386,2.8904,2.11582,4.86206,8.66016,5.73298,4.41223,9.43905,3.00759,5.73014,9.23587,6.83545,6.68726,8.89849,5.98732,6.00836,5.69589,2.71033,5.74512,7.18851,8.48382,2.03274,10.2983,4.81862,5.74148,2.94435,5.45807,3.58468,2.55854,7.35355,9.94114
2665,3.49275,8.5545,7.31186,6.8773,7.35058,8.75344,9.71695,3.83335,8.87767,3.77239,10.38854,5.18123,7.16014,9.86474,8.39562,2.40249,6.92612,9.97389,4.68787,2.14587,6.91077,4.5193,7.54646,7.46332,9.80497,8.91155,3.06382,9.31097,8.2292,5.15043,7.9325,10.9383,6.14656,7.79266,10.61851,5.79494,6.95674,4.64333,6.85925,6.39704,8.21619,8.53858,8.44426,6.38697,10.84852,5.06455,9.50883,2.64922,2.76668,4.87541,9.42868,6.36866,5.36678,9.4605,4.52323,5.24552,9.24364,7.37956,6.71421,9.68646,6.01643,7.10898,5.19918,4.32777,6.19707,6.80644,9.32391,2.2745,10.93464,5.7072,7.27811,4.49555,6.20313,4.33883,3.45316,8.41589,10.03496
2706,3.67656,7.88276,7.63479,5.54869,6.7576,6.60876,8.17504,3.63952,8.45662,5.90005,8.63183,6.09839,7.46768,7.92775,8.02593,1.50128,9.87571,11.08722,4.56898,4.74247,6.71518,4.44607,7.9735,7.95331,9.67708,8.60331,3.66117,8.75998,9.23411,4.60399,7.84379,10.13546,6.57918,7.33824,12.80201,6.60604,6.27746,4.89425,6.71544,6.95129,8.80006,9.28927,7.88433,6.70398,11.06053,5.2901,9.12132,4.00236,5.29298,4.36056,10.19074,6.85647,6.12344,9.33623,4.63568,5.2265,9.07239,7.60785,5.90545,12.72503,7.19145,9.44767,5.70218,3.15662,5.52636,9.18766,10.8035,2.82523,11.02638,8.41049,7.85131,5.52202,6.44185,4.53617,3.00546,8.05692,10.28641
2675,3.87771,6.26176,7.26463,4.66624,6.32197,6.62354,8.44889,3.52866,7.96311,3.27809,7.4906,4.47886,7.86017,7.32556,8.1493,2.65198,5.32726,10.5495,5.20019,2.33869,6.14261,3.67011,7.87093,7.87413,9.13305,7.84681,3.67123,8.33186,8.45836,4.46978,7.88137,10.27446,4.71919,6.64287,8.55472,7.60385,5.35205,4.73837,5.82256,6.59866,7.66022,7.13605,8.16918,5.63995,11.1993,4.99651,9.41574,2.01629,3.3291,4.21386,10.69558,5.54823,3.62594,8.43602,3.40902,4.69877,8.56286,5.1294,5.67087,7.35758,5.72338,7.15844,5.42912,3.25582,5.08501,5.9462,9.41767,1.6865,10.13563,4.51824,6.12185,3.41648,6.21352,4.29841,1.70119,3.7327,9.4211
2663,5.58504,9.82243,7.42284,5.46596,7.09109,6.86712,9.80984,3.73305,9.10747,5.86116,10.05594,5.85054,7.31932,9.54033,8.41325,1.34972,8.11359,11.02688,4.11403,4.45705,7.02122,5.45491,8.20798,8.2897,9.218,8.69297,3.60698,9.10561,8.3558,3.95782,8.46674,11.30772,7.71466,8.6532,10.84182,7.54837,7.06022,4.33093,7.27861,6.16384,9.26447,9.29798,8.04572,6.80969,11.02165,5.62282,8.77881,3.11734,4.50308,5.39734,10.28535,7.20658,6.30186,9.81448,5.77838,5.42483,9.5941,8.29037,6.25094,11.14727,6.5883,5.9686,6.04056,2.92451,6.33082,8.06182,10.14087,3.04983,11.37959,5.87664,7.31927,5.89085,7.29092,4.94493,4.72338,9.63585,9.91123
2834,5.61988,7.70814,7.54797,7.39757,7.373,8.82982,9.28888,4.41673,9.7052,6.09241,10.39137,5.3066,7.81328,8.51965,7.80973,3.51911,6.51935,10.6927,4.60193,4.1144,6.82479,4.25053,7.73378,7.82542,10.40815,7.45301,2.98919,10.03538,9.52978,5.64297,8.06414,10.90984,6.43839,7.34195,11.2186,6.52478,6.0417,5.13463,6.44214,7.11778,8.53412,9.02472,8.95254,6.40609,11.26256,5.31742,7.98881,2.66164,3.25505,5.50229,10.43686,6.84957,4.86307,11.43384,4.5714,5.03921,9.45954,8.51698,7.04478,9.48374,7.61175,5.8532,4.63666,4.21689,5.27651,8.02421,9.86463,2.3466,11.7002,5.47566,7.76612,5.12371,6.86885,3.61735,3.26205,8.4902,10.37537
2800,3.48881,7.23944,7.09744,4.57983,6.56177,6.59003,7.88584,2.79926,7.78377,1.89369,7.64385,4.12034,4.13086,7.39864,7.42391,1.12747,4.37575,9.76697,4.26211,2.16712,6.13707,3.99638,7.07264,7.62146,9.13156,7.42013,2.81928,8.01017,7.94064,3.82409,7.77575,9.47417,5.06472,6.89794,7.51298,5.67926,5.82688,5.36278,6.37522,7.37323,7.9274,8.67334,7.2692,4.91549,10.90253,5.39364,6.48953,2.02926,2.73722,4.28581,11.08855,5.27767,3.9259,9.50336,3.39442,4.7271,8.64897,5.33662,5.90242,8.15053,6.24137,1.70713,3.94661,3.1161,5.90226,4.31607,9.21874,2.59939,10.19935,4.84849,5.06678,2.80953,5.40063,2.10284,1.9842,4.00636,9.30969
2883,3.79973,6.52735,7.2982,7.03124,6.83089,8.7991,9.61561,4.93247,7.91216,1.44215,8.24254,3.35057,5.73711,8.79805,7.2041,3.14758,5.45705,9.46487,4.4738,2.689,6.15893,3.46423,6.9519,7.90653,9.76612,7.20639,1.89516,9.09185,9.32522,4.75284,7.89393,11.29359,4.95278,6.84707,6.68088,6.38707,5.48021,5.42745,6.06362,6.39945,7.07316,11.31467,7.82033,4.66378,11.63795,5.14143,6.92025,1.96407,3.55838,4.50098,10.4848,5.03634,3.79155,8.82074,3.34592,4.99746,8.53521,4.42419,6.24212,10.2737,6.15363,1.86829,4.40546,3.89495,5.63636,5.36268,9.51048,2.88068,10.49157,4.49804,6.10794,3.23079,5.4346,3.12661,1.77415,4.70886,9.37432
2890,3.5969,9.36617,7.18514,5.0183,6.80477,6.55456,7.35372,3.33476,8.38001,3.75652,9.12223,6.05636,6.98021,8.13186,8.16971,1.12747,8.5178,10.49767,4.24684,5.86642,5.98653,4.20074,7.19715,8.11993,9.44621,8.40457,3.93471,8.77712,7.68073,4.54956,8.42203,9.66428,8.40935,7.53808,11.15991,6.64405,6.10788,5.00387,6.05155,6.12777,9.85302,9.31589,7.9128,7.06846,10.87512,4.99789,8.56339,3.77935,3.40388,4.36228,10.81212,7.50718,5.10447,9.00175,3.8036,5.25456,9.18636,7.2459,6.45871,8.83371,7.31906,6.89338,5.19232,3.34797,6.00084,6.8726,12.1825,2.60386,10.54256,5.70284,6.14061,5.74339,6.69864,3.92775,2.81922,8.27367,9.85834
2904,5.70751,9.99423,7.34175,4.44738,6.15421,5.83915,8.65498,2.59049,9.75658,2.48859,10.46958,4.6512,7.46967,10.97526,8.57609,1.12747,7.5986,10.10745,3.77371,2.89911,6.46326,4.99765,8.382,8.10828,9.76615,8.24645,3.1354,8.71056,7.92097,5.0249,7.4217,10.31624,6.65699,7.85146,11.47254,7.04081,6.69166,5.00387,7.62257,6.31463,8.82149,7.62098,7.39393,6.57112,11.59166,5.83032,9.30007,3.37877,5.11744,6.12585,10.52936,6.61454,5.55798,10.80313,4.92821,5.65931,9.86119,8.34445,6.51721,11.84131,6.95762,6.26778,5.90609,4.46859,6.69985,9.10971,9.96321,1.98826,11.51238,5.14544,7.22133,5.43705,5.39145,5.15134,4.08129,9.38161,10.3017
2954,7.35304,8.16248,8.06158,5.61345,6.5139,7.13127,7.79456,3.18889,10.19672,5.56981,10.09493,4.93511,7.73307,8.72124,7.05165,2.62771,6.5445,11.32123,6.37508,8.52457,7.05475,4.02175,8.53166,7.81757,9.90827,9.14557,3.711,9.76168,8.2187,5.58898,6.97525,9.63073,7.01155,7.08067,9.79191,7.07723,7.11239,5.00387,6.95475,6.77433,8.42171,8.27575,10.65137,5.54709,11.88902,5.66869,9.22986,3.91233,4.90929,6.63559,11.84412,6.97966,5.82017,10.57759,5.10071,5.66425,9.75486,7.95497,6.93775,10.2669,8.03325,4.00258,5.9513,4.07529,5.96343,9.25303,11.13684,2.3302,11.47806,5.88369,8.61321,4.78231,5.99186,3.84617,2.78786,6.77052,10.62732
2956,6.06773,7.81043,7.60842,7.88987,8.09362,9.6301,9.82088,5.94942,8.81584,7.6808,11.09474,5.41644,10.52935,9.17145,7.67586,4.19062,6.68688,10.85704,4.11098,3.59102,6.77985,4.4885,7.63844,8.14109,11.19978,9.04214,4.15109,10.55271,9.44204,6.51471,8.2411,11.32136,5.992,7.67372,12.04295,7.6072,6.69479,5.11477,6.35458,8.54379,8.20048,10.5628,8.76661,6.70207,10.56366,4.65649,9.10277,2.90221,4.03288,4.93492,11.66074,6.23984,5.65787,10.06338,4.18161,5.26616,8.97552,7.64935,6.71064,9.6964,8.11332,6.53952,4.29981,5.5816,5.1355,7.6698,10.11734,3.10711,12.57305,5.65295,7.80433,4.38911,7.32786,4.51754,2.25369,7.36245,10.43823
2964,4.30492,9.38792,7.56976,6.16593,6.94971,7.78342,8.53256,3.79571,9.07469,2.55901,10.27492,6.47235,6.08245,9.2493,8.47959,1.80944,7.8362,10.40308,3.40657,4.15266,7.31019,4.56202,8.08848,8.27617,9.3402,8.05248,2.79146,8.80369,8.53112,4.60304,6.86068,10.328,6.98641,8.47326,11.87444,7.02321,6.98086,4.64333,7.21375,5.98837,8.81156,7.99606,7.48119,6.41607,10.46123,5.89413,8.77855,3.02415,3.57139,5.21195,9.55637,7.29128,5.54531,10.05798,5.47656,5.26397,9.93345,8.35718,5.92173,9.94456,6.61985,7.14774,6.08683,3.90121,6.1638,8.27776,9.85045,2.11625,11.58035,4.82383,7.51901,5.43504,6.48863,4.26254,4.08356,9.65471,9.9305
2995,6.50769,7.95784,7.16409,4.96376,6.73636,6.29802,7.49617,3.31305,8.20446,4.78625,9.97837,4.30725,5.65964,8.41775,8.36784,1.12747,6.2567,9.56447,4.81867,2.59945,6.2517,3.96106,7.26958,7.88454,9.2444,7.85601,1.94272,8.44018,8.04785,3.66541,8.2202,9.60863,5.85337,7.71324,10.58261,6.66595,6.88592,4.64333,6.47102,5.80735,7.94543,8.69029,7.29993,5.17073,11.79022,5.53953,7.65515,2.52236,2.46679,4.67289,9.69261,6.13132,4.94104,10.18954,3.83266,5.39176,9.34775,7.47532,5.19102,8.98881,6.14121,4.65356,4.72581,3.12305,6.15374,7.66143,8.15558,2.58141,10.18554,4.82791,7.63071,4.20134,5.34473,5.5406,3.08671,7.30435,9.68919
3203,3.38683,6.93127,7.12334,6.48789,6.67234,8.03559,9.5898,3.3046,7.97676,1.44215,8.46516,3.75766,4.95099,8.68438,7.53762,4.23271,6.17253,8.83895,4.08271,3.47437,6.60378,3.69125,6.9843,8.22509,9.46522,8.13407,2.00139,9.13894,8.18428,4.28766,8.06392,10.42323,5.89416,6.93451,8.10585,5.92528,5.64998,5.0701,5.8675,6.34849,7.5659,8.36259,7.19785,4.71405,10.40276,5.45541,7.48783,1.60136,2.57412,4.53945,10.38876,5.97514,4.05747,9.42094,3.7215,4.83988,9.14844,5.8264,5.87042,9.44672,5.47809,3.22891,4.78272,3.4241,6.16104,5.79564,8.81859,2.11085,10.3298,4.42923,5.48094,3.45609,4.47417,2.66361,2.24476,4.98688,9.60112
3240,7.70513,6.79248,7.86295,6.44239,6.76855,6.91805,7.50044,3.45308,9.49732,8.25348,10.15015,4.98381,10.66784,8.03377,7.2215,2.68388,5.16289,9.88748,6.06726,6.06424,7.30786,4.30996,7.7184,7.72347,10.30085,8.91488,3.52874,10.13163,8.6464,6.29383,7.55575,9.29493,5.55381,6.49535,10.92845,5.96516,6.86507,5.89345,6.73378,6.8815,7.96973,8.39111,10.25356,6.18319,13.03998,5.3423,7.51083,2.38825,4.46034,6.34876,11.12305,6.87894,5.69777,10.85314,4.51866,5.59331,9.31009,7.19698,6.74559,6.46789,8.04954,4.63992,4.84839,4.37849,5.72807,9.48297,9.37483,2.2615,11.34991,5.3479,9.47156,4.48644,6.14568,4.57625,2.20943,6.92675,10.5215
3291,3.88455,7.41233,7.15435,5.7127,6.67625,7.20446,7.71399,4.20008,9.01987,4.20576,8.81539,4.52254,5.97135,8.46237,7.96093,1.12747,5.84486,9.76426,5.20605,3.42757,6.56197,4.08744,7.00245,7.63368,9.15883,7.46788,3.49426,9.46813,8.68917,4.86219,8.22827,10.37195,6.03558,6.60405,8.79864,5.96537,5.44319,5.12709,6.61401,6.31277,7.93802,8.90601,8.32811,5.48575,11.22486,5.2115,7.22605,3.11531,2.88484,5.21568,10.43099,5.5644,4.26357,9.17248,3.83303,5.57764,9.16924,6.47697,5.93751,8.51838,6.74891,2.72778,4.54706,3.69338,6.25798,6.09582,10.13203,2.66716,10.79468,5.52952,7.3033,3.6656,5.61433,3.68517,2.49392,5.74031,9.85934
3342,5.0987,8.58543,7.83706,5.07237,6.91028,6.22606,9.65531,3.313,8.89702,2.2494,10.4443,5.52869,7.29676,10.37287,8.24312,1.98643,7.37333,10.69833,5.46674,4.45196,6.78602,4.48813,7.33596,8.31893,9.12425,8.22328,3.43506,9.69539,7.78717,4.02687,8.88912,11.03874,6.76739,8.72092,11.23191,7.42771,6.54064,4.28829,6.33862,5.85845,8.42944,7.90597,7.88142,6.32605,11.16669,5.81808,8.771,3.01343,2.56987,5.07967,9.50347,6.95322,5.40878,9.79089,4.51411,5.3506,9.69883,8.24247,5.69587,10.30684,6.81224,6.12062,5.63634,2.87954,6.50679,8.11607,9.70782,2.87128,9.5215,4.80354,7.61574,5.05122,6.50107,4.19846,3.91456,8.3815,9.93644
3381,5.03363,9.32783,7.88039,6.78407,7.46091,8.66707,10.42127,4.35696,8.98911,4.30282,10.05586,5.90308,7.26084,9.66224,8.50685,1.97819,8.30649,11.10078,4.41543,4.46461,6.58537,6.59352,7.76519,8.14279,10.04928,8.64115,3.11733,9.65626,8.912,5.76447,8.41008,11.09795,7.42505,8.67484,11.19431,6.82305,7.20071,4.72063,6.53665,6.53532,8.99213,9.87123,8.32048,6.25285,10.74745,5.66001,8.75047,3.73866,4.1502,4.7752,10.2859,7.24231,5.61493,9.92447,5.64512,5.29088,9.89769,8.46525,5.95301,10.94069,6.46983,7.63926,5.96601,3.68451,6.51592,9.0508,9.84945,2.51988,10.97783,5.81043,8.19587,5.39795,6.79749,4.2318,4.11051,8.39806,10.31535
3443,5.68294,8.43112,7.56353,6.62926,6.92738,7.68123,8.65539,4.31711,8.52998,8.32088,9.62631,5.37767,8.17186,8.53633,7.42768,2.4114,6.13588,11.49121,4.86945,3.40901,6.66155,3.97602,7.63653,8.03195,10.09774,8.34177,2.77567,8.98885,9.45335,6.94901,7.87173,10.29362,6.50761,7.11083,11.99359,7.92068,6.54163,4.72987,6.32461,6.18349,8.48551,11.2182,8.41536,6.09529,11.2514,4.66962,7.16173,2.861,3.50431,4.18453,11.97175,6.59206,5.33974,10.68613,4.46724,4.90033,9.17113,7.33407,1.95995,9.63049,6.79369,5.06636,5.06312,3.0187,5.83406,8.20802,9.8583,2.32118,11.16595,5.4098,8.35236,5.29634,6.5329,4.0237,3.08092,8.15847,10.3381
3465,3.46079,8.04327,7.59054,5.1892,6.92861,7.38164,8.22712,3.54933,8.72223,3.53765,9.5418,4.88931,7.92585,9.32836,8.51877,1.72828,7.90143,10.41299,4.67244,2.69291,6.75385,4.57491,7.97314,8.2297,9.71706,9.13951,3.95961,9.0304,8.41802,4.90646,8.32072,10.18236,6.34247,7.88057,12.17025,7.36858,6.61909,5.00387,6.85944,6.60877,8.41996,9.88882,8.16183,6.16375,12.17243,5.34339,8.75215,3.60916,5.34007,4.66728,10.14899,6.77148,5.21233,10.0604,4.61702,5.32382,9.45362,8.43103,6.89769,12.90914,7.11272,6.5101,5.91084,3.55736,6.3397,7.63748,10.96463,2.45917,10.66774,6.18062,6.61288,6.91856,6.57288,5.00782,3.37197,7.30781,10.14262
3517,3.53771,6.81452,7.08183,7.30994,6.68139,8.5715,10.02824,4.05334,8.06609,1.91946,8.74767,4.9146,5.88097,9.52043,7.2671,1.52141,5.83736,8.59009,4.81627,2.51473,6.72711,3.98644,7.18369,7.78626,9.62966,7.97099,2.78766,9.2148,7.40984,4.18253,8.30289,11.01544,5.7251,7.09171,6.75207,6.81872,5.91067,4.92285,6.15245,5.768,7.6594,9.33237,8.63406,4.90867,11.0434,5.30067,8.02591,2.28826,2.61006,4.28118,10.97415,5.58198,3.61441,8.91616,3.71858,5.10611,8.71931,5.36222,5.14863,9.72456,6.45303,1.49078,3.87544,3.74281,6.30534,6.17478,10.3119,2.3202,10.81723,4.59516,6.90907,3.14333,5.54531,2.72515,2.20626,4.20965,9.20283
3552,6.56666,6.44369,7.44018,7.14913,6.60323,8.66386,10.41423,5.12776,8.98614,1.91946,9.56013,4.17812,7.60563,10.13025,7.66703,1.79997,7.06021,9.35784,4.03591,2.29306,7.99666,3.52262,8.37868,8.36024,9.59488,8.19457,2.54234,9.80548,8.64124,5.66277,8.17672,11.4381,4.68694,6.89884,7.75681,7.26005,6.71785,5.60369,6.24553,6.37214,7.64368,8.33532,8.91182,5.14745,11.60063,5.19377,8.60379,2.51878,3.54999,4.47961,10.13051,5.67148,4.98009,9.10196,3.65132,5.11842,8.96087,5.72242,7.32524,11.15224,5.73449,2.78051,3.78931,6.21271,6.29368,5.13242,8.84972,2.66227,11.20769,5.35601,7.81721,3.65009,5.29128,2.99705,1.85672,4.94408,9.60967
3574,4.42183,8.96217,7.32468,4.30086,6.04687,5.50382,7.77353,2.79037,8.98148,3.68859,10.18612,5.00583,5.29131,8.68065,8.05421,1.12747,6.06201,10.49608,4.27014,3.26197,6.47225,4.31902,7.72782,7.98862,9.34418,8.64736,1.6429,8.59018,7.54093,5.44444,7.19796,8.61152,6.99542,7.29671,9.6654,5.86912,6.61668,4.4338,6.65351,6.02984,8.85057,7.6117,7.62803,6.40341,10.72423,5.76595,7.88691,3.33107,3.17038,5.19877,9.85751,7.47839,4.87226,10.52827,5.24702,5.79018,9.82034,8.51866,6.15904,9.88088,6.33632,5.11558,5.4917,3.07869,6.57192,8.04382,8.56724,2.23582,11.32131,4.60048,6.50654,5.18362,5.57275,4.11446,4.08791,9.45118,10.26767
3580,4.92004,6.12825,6.93919,6.33487,6.75351,8.51983,9.98835,4.02113,8.22022,4.45774,8.70655,3.56509,7.30123,8.70522,7.3404,1.33129,5.33897,9.97274,4.5189,4.06688,5.79372,2.88564,6.83008,7.71373,9.4277,7.67147,2.46759,8.77722,8.44117,5.11737,8.1109,11.25368,4.75804,6.40195,7.68563,6.739,6.38124,5.46817,6.08259,6.51281,7.63962,9.11837,8.71602,4.89946,10.38325,4.93465,7.22091,3.1548,3.38794,4.59969,10.38739,5.19984,3.85008,8.88712,3.54911,5.09724,8.72715,5.61228,3.24381,9.54882,5.88055,4.21566,3.27286,3.48418,5.62005,4.88888,9.43187,2.10667,10.54873,4.92446,6.12445,3.0103,5.98146,2.78101,1.46105,3.78911,9.88057
3596,3.7171,6.01377,7.09791,5.51498,6.1347,6.85687,8.37713,3.27946,7.86062,1.91946,7.89228,4.32542,5.37039,8.37252,7.15663,1.50396,4.9291,8.52974,4.32646,3.12997,6.1292,3.07657,6.2649,7.8917,9.52135,6.54622,2.70571,8.31473,8.07071,4.14659,7.54887,10.25951,4.47389,6.21708,7.15364,5.8622,5.41736,5.07712,5.96616,5.71889,7.64445,7.81716,7.66318,4.97057,10.77692,5.28114,6.85331,1.30825,2.06519,4.3866,10.58725,4.99162,3.21075,8.92945,2.85285,4.92219,8.3978,4.7055,6.07284,8.16539,5.69585,1.33189,3.52105,3.40029,5.89874,4.16802,8.7131,1.96734,9.64049,4.83736,5.16834,2.71239,5.30855,2.56709,1.12737,2.34601,9.30244
3600,6.87115,9.59546,7.55256,2.31775,5.7249,1.59748,6.57303,1.37681,10.64475,6.93342,11.21099,4.33982,4.32129,8.55565,7.28358,1.12747,6.47161,10.81272,4.65881,2.7804,6.05493,4.12924,7.84997,7.56107,9.43129,6.65385,1.74814,8.27054,6.91721,6.69934,7.16668,7.30611,5.93132,8.51626,11.12827,5.36949,7.4052,5.08665,6.9905,5.88444,8.33461,4.82137,8.11289,6.50218,11.87143,5.538,7.75514,1.66438,3.05182,6.7843,9.70573,6.58037,5.97183,11.64644,5.03618,5.68091,9.94433,8.51306,6.75812,7.73046,7.39819,6.08582,4.5256,3.02578,6.16001,9.9045,8.43964,1.9162,11.78541,4.4226,10.02611,4.48426,5.89739,3.61755,3.68998,8.23802,10.57279
3611,2.62756,7.22893,7.11277,4.84878,6.27208,6.24586,8.11535,2.50588,8.75309,1.91946,7.90081,4.00931,5.28025,7.76657,7.48304,1.12747,6.62828,9.24692,4.46372,2.8118,6.52523,3.67174,7.3648,7.87765,8.97403,7.84172,2.53064,8.73796,6.78207,4.43337,7.93652,9.94906,5.83659,6.45037,7.82466,5.95284,5.56325,4.90634,6.70615,6.05473,8.15293,6.82164,7.8292,5.13273,11.083,5.06904,7.20656,2.49001,3.29478,4.42731,10.72379,5.80103,4.02174,8.51943,3.97427,5.20324,8.84693,6.06002,5.24459,8.09983,5.95788,1.82564,4.68661,3.17227,6.10546,6.056,9.84489,3.01292,10.26663,4.79131,7.55769,3.52374,5.33498,3.72853,2.26478,5.67738,9.52859
3643,3.12521,6.91043,7.72969,3.53578,6.34274,5.04882,7.38669,2.30997,8.12184,1.95787,7.4107,4.48276,5.37755,8.56267,7.65383,1.10864,5.87055,10.43687,4.46776,2.71083,6.54412,3.87366,6.79149,8.08241,8.85385,7.16078,2.87704,8.35607,5.70393,3.29945,8.43396,8.78287,5.34752,6.91977,8.07899,5.80849,4.80775,4.56368,6.31685,5.58922,7.46352,6.52342,7.45037,5.47383,10.52532,5.35704,6.64521,2.44056,4.76919,3.88011,10.33374,5.5167,3.597,8.96368,3.50488,5.3042,8.96432,5.70725,6.08306,7.67758,6.80326,2.80079,4.30171,2.20135,5.95384,6.61352,9.72718,2.80935,8.76118,5.14836,7.00007,4.22484,5.61982,2.71777,2.25447,6.34999,9.41119
3742,5.38772,8.14968,7.62615,6.30684,7.00206,7.47749,9.12688,4.51103,9.28158,5.5547,9.5776,5.49018,7.43542,8.14982,8.22688,1.29961,7.02441,10.40036,4.82846,8.35886,6.81264,4.03972,7.27506,7.91189,9.99446,8.61686,3.5526,9.27517,9.65962,5.20125,8.19325,10.60507,6.01183,7.83846,10.16814,6.58944,6.02452,4.70813,5.87523,6.05207,8.36237,10.85667,8.13468,5.93542,11.83589,5.04075,7.6021,2.37873,3.47559,4.27126,10.40367,6.48922,4.96578,10.49309,4.6241,5.2867,9.21803,8.15263,6.88509,8.2179,7.09446,6.20159,4.97022,3.15003,6.16027,9.4782,9.00703,2.42528,11.76034,5.00299,7.30403,4.80967,6.16951,4.41326,2.88722,7.95168,10.37244
3811,2.84727,6.91467,7.5497,5.82446,6.66725,6.82184,7.86685,3.01468,8.03518,2.86201,8.8109,4.64388,7.32781,7.6767,8.07693,1.4203,7.21661,10.7387,4.40252,3.43787,6.17338,4.18435,7.05457,7.69651,9.827,7.2224,5.03904,8.62732,6.91158,4.36659,8.19112,9.94855,5.93408,6.95964,10.68732,6.81433,6.18512,4.70716,6.00161,5.70872,7.73957,8.41221,7.3047,6.39914,10.00163,4.32417,8.48411,2.41588,3.79624,3.95891,10.07529,6.59822,4.6262,8.81041,3.22932,4.5951,8.99507,6.10812,6.53005,8.06382,5.41937,5.58369,4.2826,3.2804,6.28383,7.74721,9.21314,2.3914,9.39927,4.53072,6.89672,4.48196,5.61995,4.12504,2.40339,7.27427,9.78846
3821,7.35755,7.93368,7.39522,5.76732,7.02008,6.9712,8.22966,6.72363,8.61622,3.50839,9.71706,5.4727,6.89031,8.61254,8.65652,1.37528,7.42956,11.06545,9.66934,5.636,5.82388,3.79814,7.70974,7.68029,9.50131,8.41664,3.95235,8.83601,8.72544,4.80619,7.79287,9.58338,6.20385,7.93874,11.2291,6.72336,6.55423,4.85518,5.85155,6.6775,8.06701,8.11959,8.52661,6.14201,10.73551,5.136,9.39055,2.40829,4.27432,6.65161,10.71117,6.54459,5.06503,10.90133,4.58166,5.45016,9.67956,7.20767,6.77922,8.45277,7.45949,6.78699,4.94015,3.41364,5.80931,7.57414,9.27789,2.88463,11.12714,6.58477,10.95026,4.95225,6.40186,5.01497,3.00255,7.57744,10.29141
3837,6.29343,7.61245,7.466,6.75478,7.62424,7.43938,8.49463,4.01852,8.57189,3.82443,10.11919,5.01121,7.76274,8.39375,8.10591,2.47854,7.95261,10.56437,8.03479,3.5566,6.04885,3.93204,7.7225,8.1959,10.15119,9.24074,3.73388,9.34401,8.9149,4.67336,7.79972,10.18817,6.27767,7.78117,10.09153,6.71801,5.99376,4.72753,6.09602,6.66037,7.9111,11.17297,8.29747,6.54228,10.57711,4.87051,9.71223,3.3947,3.02738,5.99497,10.27076,6.20752,4.84669,10.21356,3.9031,5.66092,9.54204,7.06603,6.88026,8.71307,7.16845,7.40535,5.53858,3.68407,6.01938,8.07137,9.05152,2.90396,10.80423,7.20475,7.98237,4.84126,6.71185,4.65075,2.56995,8.24148,10.30853
3843,4.70034,7.28851,7.55787,7.53823,7.06003,8.65777,10.52393,5.36365,8.97151,2.63414,9.35199,5.03668,5.96151,9.15697,7.45208,2.81107,5.10772,10.08808,5.02489,3.86668,6.77341,3.68817,7.15508,8.50138,9.09405,7.68709,2.76908,9.7224,8.67055,4.69996,7.96801,11.30442,6.11509,6.87252,7.00983,7.16913,6.4793,5.67388,6.14759,5.94656,8.00087,10.03993,8.10514,4.72256,10.73938,5.46982,8.01446,2.35116,3.30602,4.88227,10.79983,6.09361,4.85351,9.14751,3.76856,5.23937,9.16591,5.90134,6.93553,9.997,6.32865,5.41412,4.51307,3.79222,6.4904,5.26441,10.47722,2.86446,11.02408,5.26576,7.17393,4.19741,4.99517,2.88843,2.68104,4.61664,9.68525
4085,5.29288,9.02069,7.72528,5.14224,6.75672,6.79299,8.78597,3.14533,8.8023,4.27463,9.98038,5.09983,5.87908,9.29696,8.22236,1.12747,7.38296,10.84953,5.32496,4.25576,6.4944,4.52403,7.93061,8.23991,9.48343,10.28022,3.36136,8.90266,7.6695,5.19427,8.2781,10.32647,6.97367,8.43859,11.00888,6.60243,6.58148,4.96765,6.47966,6.05668,8.66218,9.02478,8.16571,6.43888,10.96054,5.57445,8.8199,3.50262,4.65284,5.39103,10.1748,7.69197,4.97909,10.60015,5.27889,5.73376,9.80113,8.11873,6.40613,10.03469,6.92837,6.80322,5.92401,3.03318,6.57507,7.99741,9.50675,2.37454,11.14513,5.97802,8.06035,5.2711,5.55636,4.8252,3.92518,8.80227,10.26243
4133,5.50704,7.20781,7.11672,7.15591,6.87298,8.30018,9.31466,4.0724,8.83127,4.3465,10.65278,4.26764,6.91388,8.64708,8.21153,1.12747,6.27673,10.50565,4.38718,4.19622,5.99063,3.76181,7.11813,7.91847,10.21247,8.18166,3.24975,9.09826,9.44418,5.78026,7.99065,10.88289,5.27664,6.9886,9.85345,6.67368,6.01062,4.80945,6.10179,6.5492,7.85845,11.69408,8.36319,5.86039,10.09132,4.56288,8.40859,2.87291,3.10776,4.04465,10.34499,6.12145,5.00383,9.5822,3.05388,5.01451,8.83049,6.51169,5.21652,11.18118,6.88868,4.09042,3.96656,3.95889,5.66018,6.84563,9.61964,2.37674,10.75024,5.03928,8.14643,4.13408,5.90641,4.10449,2.32823,7.0146,10.03549
4130,4.0361,8.32244,7.5414,6.55085,6.99212,7.46061,8.63388,4.21721,8.359,1.9756,9.21441,5.28436,6.99778,8.60584,9.11183,2.33544,7.15846,10.72255,4.33184,1.71061,6.18075,4.18364,7.62861,7.85804,9.55761,8.55483,4.63123,8.80606,9.43722,4.16175,8.22346,10.6094,6.53702,7.95529,10.31847,6.29576,6.14374,3.94515,6.26024,5.89487,8.59641,11.04879,7.63393,6.63102,11.82304,4.89305,9.02205,3.18371,2.67535,4.93433,9.34402,6.56262,4.96586,10.05942,4.26209,5.31312,9.61033,7.34562,5.94966,10.16738,6.41925,5.38068,5.46165,3.49393,6.46396,8.22821,9.07814,2.59979,10.3734,5.66591,7.5813,4.1064,6.64435,5.28393,3.07128,8.21826,9.59533
4162,3.79133,8.6962,7.26899,5.22674,6.42274,7.15804,7.92562,3.43104,8.72384,1.77583,9.35954,4.3428,5.92076,8.60937,8.77558,1.10864,6.33229,10.16752,4.85819,2.19147,6.89009,4.51439,7.22723,7.8895,9.4911,7.34504,5.22624,8.8877,8.37864,3.68717,8.39237,10.44824,5.08788,7.27348,10.30269,6.85412,5.70552,4.37348,6.5052,5.78765,7.997,9.0828,7.62765,6.36151,11.43907,5.0774,8.25456,3.08375,2.98856,4.44305,9.214,6.41427,4.68843,9.5203,3.56299,5.55265,9.31174,6.8494,5.02618,8.51849,6.04309,5.31241,4.18695,2.7867,6.08498,7.50105,8.80849,2.51349,9.3093,4.99533,7.52557,4.23098,6.08779,4.80537,2.95693,7.35014,9.76204
4164,4.77706,9.47868,7.97692,2.93619,6.78965,3.85407,7.76774,3.04143,9.52077,5.21568,9.90747,5.70256,5.65061,8.36709,8.7545,1.10864,6.62886,11.31942,4.15426,3.22688,6.06731,4.90345,7.89891,8.19629,9.48847,7.58912,2.71721,8.85267,7.42578,4.4089,7.28563,8.5479,6.24012,8.68881,10.4544,6.1955,6.73052,4.27953,7.3118,6.02907,8.13598,7.70848,7.52792,6.82474,11.19225,5.94393,7.68362,2.95599,3.69214,5.97436,10.12175,6.891,6.00572,11.47148,5.19107,5.69867,9.85823,8.39647,6.59803,8.72635,7.60455,6.93772,5.45881,2.56668,6.77488,7.81553,8.62867,2.1235,10.52329,4.04906,7.76179,5.12104,6.36276,3.53605,4.07799,9.65662,10.3731
4187,8.66546,7.79266,8.20076,7.68146,7.15698,8.77063,10.32083,4.2255,8.65501,8.89662,10.78469,5.883,8.95476,9.0408,8.50535,2.64937,7.07454,10.89459,5.15677,3.36854,6.54704,3.95384,7.49968,8.31348,9.66883,9.36788,4.63009,10.37371,9.71073,6.19985,8.34692,11.40511,5.8144,9.02119,10.65241,6.62105,6.90251,4.92821,5.68441,6.71724,8.12827,11.24897,10.19149,6.6672,11.85965,5.00579,8.27021,3.27457,2.73685,4.19766,10.61672,6.42907,6.40898,9.96949,4.47452,5.01133,9.57562,7.34286,7.12328,9.46825,7.56378,5.95627,5.09158,3.40324,5.54128,9.9577,9.22807,2.53398,11.05395,5.70673,7.99479,4.67543,7.43838,4.11901,2.8615,8.32617,10.49799
4203,4.67126,9.55085,7.63523,6.50091,6.65757,7.56387,9.13341,4.46452,9.28435,8.27122,10.64668,5.6586,8.08932,12.07987,8.84321,2.47929,9.23315,10.33867,5.0507,5.36307,6.44305,4.72989,7.95281,7.86823,10.57143,9.58499,4.8209,9.58103,9.14456,6.39725,7.64843,10.82404,6.82253,7.28629,14.0974,7.3175,6.88886,5.58496,6.11771,7.8379,9.512,9.5048,9.39109,6.48299,11.43169,5.11991,9.74476,4.36218,5.46963,4.58091,11.775,7.98508,6.63485,10.47744,4.56821,5.27805,9.60028,9.82548,6.35333,11.25122,7.83459,7.21496,7.23642,3.64036,5.76422,10.33598,12.08723,2.94983,11.29693,6.80963,9.04919,6.39789,7.04388,5.09217,3.49653,7.89644,10.73971
4207,7.74128,9.05808,7.51072,7.44851,7.03372,9.06067,10.15935,5.1708,9.70502,6.28574,11.31614,6.31747,7.54206,9.80274,8.59659,3.60261,8.12483,11.54808,5.15379,5.83544,6.40041,4.77994,8.16589,8.06212,10.16454,8.8954,4.56887,10.12404,9.61317,6.05559,7.87137,11.15749,7.18667,8.71965,11.73152,7.61785,7.66285,4.40112,6.38022,6.61284,8.7379,10.15261,8.75944,6.91293,11.78381,5.20814,9.10164,3.09153,5.11886,5.59853,9.75464,8.65187,6.34329,11.79839,5.49031,5.65696,9.74851,8.76001,7.49258,11.16708,7.62115,7.65522,5.46465,4.08824,5.81394,9.93697,10.01004,2.07503,11.98133,6.02786,8.26186,6.13842,6.93635,6.11338,3.63312,9.00307,10.40892
4184,4.50764,8.28738,7.76027,6.39016,7.01995,8.30164,9.60585,3.44892,8.25436,1.77583,9.34562,4.51931,6.9503,9.30765,8.34864,3.42132,7.03324,10.70568,4.52884,1.75792,6.72526,4.14877,7.61586,8.08766,9.18319,8.54325,3.80536,9.39104,8.54672,4.78562,8.87414,11.13008,6.39914,8.29895,10.20106,5.51948,6.56204,4.45525,6.38491,6.03688,8.11558,9.29756,8.08681,6.35734,10.19966,4.99305,8.48573,2.74614,3.19759,4.34823,10.23268,6.38469,5.68168,10.06094,4.46499,4.85126,9.30417,6.94397,2.2047,9.66014,5.36695,5.58014,4.65353,3.92853,6.04809,7.95639,9.50193,2.20337,9.41669,5.04503,6.8931,4.79937,6.59739,3.99839,3.07708,7.9472,9.62719
4215,5.35917,7.7649,7.72112,7.2304,6.80408,7.3759,10.32421,3.35877,8.01511,4.46183,9.67393,5.48828,7.04857,9.4439,8.25438,1.10864,7.0431,10.78825,4.77687,4.25108,5.74381,3.85031,6.93165,8.40769,9.10377,8.57118,4.30349,9.86813,8.15935,6.674,8.79863,11.22207,6.19776,7.80553,8.5659,7.2283,6.7246,5.01612,5.96513,5.94973,8.1603,9.00722,9.74699,6.51964,10.51404,5.14145,8.3302,2.55513,2.58759,4.42496,10.2757,6.50933,5.58028,10.03874,3.81571,5.08164,9.28002,6.39885,5.93591,10.66316,6.47599,5.3155,4.44554,3.42378,6.08673,7.20389,9.75891,2.61052,10.04432,4.67067,8.0626,4.46132,6.37881,4.06664,3.15589,6.83425,9.95983
4248,4.53679,7.2763,7.40356,5.76023,6.96376,7.39109,8.55931,3.4181,8.81406,3.35159,10.21764,5.44177,7.10331,9.03877,8.44904,1.48861,6.55624,11.06478,5.18361,4.77074,5.96113,3.72563,7.31408,7.74158,9.96625,8.1543,3.96408,9.23901,8.43678,4.70501,8.2675,10.27217,5.26425,7.26286,9.88683,6.98816,5.86926,4.98278,6.61981,6.28732,8.25667,8.2773,8.77556,6.51732,11.93512,5.52384,8.67182,2.9145,2.92418,5.24663,10.26442,6.12309,4.93083,11.81322,4.16643,5.7029,9.3263,6.57635,5.36417,7.76815,6.82891,5.24336,4.34205,2.8527,5.70665,6.81988,8.7801,2.22075,10.23056,4.72634,6.49157,3.97736,6.54824,3.66401,2.72784,6.32759,10.38167
4252,6.25788,8.73023,8.06548,6.96515,7.06743,9.09431,10.55217,5.04771,8.71545,2.873,9.95292,6.18557,8.3052,9.46544,8.72805,2.39658,7.20343,11.25523,4.47368,3.7233,7.63369,4.23744,8.18216,8.62519,9.87812,8.29317,6.28377,10.32837,9.3755,6.09329,9.1465,11.59397,7.35892,7.97616,11.28058,6.91027,7.43255,4.39085,6.70497,6.14598,8.55891,10.46485,9.14032,7.21023,10.95519,5.68505,8.54287,3.10319,3.39822,4.75729,9.57249,7.26637,5.79455,10.79284,4.61375,5.7198,9.62929,7.93166,6.02053,11.57964,6.81715,6.11423,5.41326,4.82114,6.2404,8.53004,10.17043,3.05199,10.99296,4.7867,6.78749,5.54464,6.67614,5.5386,3.9901,8.8058,10.17701
4258,3.63583,6.96068,7.50915,6.52245,6.71461,8.09189,8.74906,3.34563,7.84779,1.77583,7.77149,4.67011,6.90339,8.49171,8.14374,1.10864,6.16725,9.17034,4.89173,3.20984,6.17241,4.08779,7.2036,8.37313,9.31991,7.5669,3.68647,9.07816,9.43775,4.19705,8.54774,10.58589,4.60748,7.01534,7.58015,6.74465,5.75741,5.46467,5.73199,6.27421,8.08577,9.99369,8.15828,5.68422,10.72582,5.79043,8.14261,2.79234,2.71774,4.48124,10.41325,5.6541,4.18655,10.33263,3.5126,5.50687,9.16892,5.23075,6.46271,11.60387,5.96176,3.28642,3.70146,3.64881,6.05553,6.19034,10.18826,1.65714,9.46699,4.0772,7.17219,3.47895,5.76597,3.07651,2.17351,4.00382,9.54451
4260,2.85664,6.77067,7.12269,4.67021,6.30438,6.55044,8.58511,2.55419,8.34551,1.77583,7.55688,3.74926,4.63794,7.5629,7.88182,1.10864,5.25799,9.50505,5.49339,1.54052,6.68598,3.50941,6.52741,7.83548,8.82819,7.97314,3.8791,8.29634,5.64207,3.72798,7.98932,10.27778,4.79685,6.59634,7.54995,5.19023,5.49005,5.13061,6.32456,5.89856,7.06998,7.45266,8.08125,5.54438,10.53953,5.14848,7.01625,1.98259,1.84597,3.95032,9.62373,5.01183,4.15928,9.38386,3.19933,6.55242,8.8031,4.95249,5.99951,7.85135,4.94336,3.19743,3.50367,2.86031,6.00376,5.16443,8.12671,2.17276,9.11097,3.4806,5.63623,3.45204,5.74077,3.63045,1.95128,3.93716,9.82794
4272,3.37467,7.40607,7.44864,6.11088,7.01053,7.33978,9.50697,3.58761,8.32186,1.77583,8.33168,4.67271,6.1318,8.57895,7.60476,1.81056,5.85805,10.81231,4.68286,4.45559,7.18228,3.87037,7.26979,8.49126,9.39129,8.17698,3.83488,8.71265,7.89568,5.39326,8.7472,11.21735,6.04811,7.48738,7.85341,6.63638,6.27223,4.96032,6.24891,5.62884,7.91471,7.83062,8.42395,5.72605,10.88384,5.47721,7.49044,2.83294,2.65333,4.33637,11.32156,6.46934,4.89719,9.4596,4.25583,4.73073,9.2886,5.94362,5.13284,9.01923,6.30203,2.61159,4.47237,2.46152,5.96989,7.18791,10.21083,2.72091,9.31567,4.17128,7.02097,3.34074,6.30151,3.13181,2.75616,5.2213,9.65072
4274,7.18388,8.55089,7.9414,5.84033,6.92303,7.73205,9.26047,3.45207,9.58294,5.59414,11.48985,5.58396,7.46771,10.12291,8.59934,1.6713,7.28839,11.28054,4.86202,6.15302,7.24923,4.58274,8.01498,8.14353,9.69475,7.76764,4.01223,9.46317,8.9095,6.37702,7.93199,10.72129,6.77033,8.71013,11.42949,7.54418,7.30108,4.66304,6.22102,6.2583,8.78622,9.06839,9.10746,6.9239,11.72239,5.59222,9.24158,2.81143,4.54115,5.54164,10.96637,7.5763,6.31233,11.82076,5.45775,5.23786,9.85142,8.78092,6.90175,11.09224,7.43929,7.47684,6.12704,4.06822,6.06919,9.58912,9.34498,2.21752,11.26206,4.93773,7.88503,5.43937,6.83496,5.37121,3.92731,9.53983,10.60768
4282,3.62592,7.66346,7.7674,5.92591,7.1057,8.05527,9.36423,3.58823,8.38453,1.77583,7.99351,4.44579,6.49356,8.74228,7.68517,1.37946,5.57709,9.38567,4.88279,3.82049,6.92863,4.1898,7.67141,8.51331,9.69528,7.9764,2.69111,9.41404,8.36139,4.15291,9.19515,10.70426,6.23829,7.53004,8.56004,6.72254,5.78504,4.60658,6.63277,6.19676,7.872,10.12741,7.97351,5.11395,11.24273,5.55467,6.57744,2.87662,2.98085,3.72187,10.47866,6.27197,4.3584,8.26336,4.12116,5.18764,9.40228,6.44965,2.07714,9.38634,6.47026,2.53705,5.11771,3.47376,6.56451,7.26402,10.11208,2.6355,8.82729,4.76691,7.11089,3.48011,5.64893,2.90976,3.27969,7.53759,9.67729
4295,5.05507,8.08531,7.77866,9.33101,8.42282,10.5441,10.61224,6.03315,8.54793,2.92535,9.26729,5.69469,8.4737,10.92966,8.51227,2.83495,6.98556,11.70718,5.4178,3.81832,7.00908,4.39152,7.66346,8.30408,11.10708,8.45246,4.98179,10.78117,10.29171,7.07596,9.18137,11.43437,6.54612,8.1808,10.8066,7.72729,6.40887,5.0619,6.92908,6.77073,8.33313,12.08722,8.23748,7.35197,11.21235,5.38245,8.87763,2.84488,2.71691,4.406,9.95828,6.7311,5.39461,10.35115,4.11208,5.25209,9.38892,7.34264,5.42352,11.03105,6.70842,6.496,5.08032,5.03107,6.5107,8.03379,9.60816,2.47987,10.6102,4.8753,7.98461,4.68033,6.59218,5.73754,3.36544,8.85186,10.1578
4539,4.58885,7.80093,7.67657,6.24161,6.73914,8.1643,9.85464,4.60667,8.25126,1.77583,9.51203,4.5974,6.86565,9.4193,8.46147,1.10864,6.52148,10.27708,5.07216,3.41277,6.68743,3.93993,7.75021,8.18939,9.61428,7.33039,3.6287,9.89891,9.14243,4.59434,8.37517,11.14427,5.80141,7.2978,10.01854,5.76386,6.31364,4.78221,6.41541,5.8625,7.88307,10.16068,8.28574,5.88938,11.89756,5.05899,7.76521,2.71873,1.96999,4.81213,9.81922,5.97315,4.97285,9.37459,3.78053,5.14333,9.27516,6.74601,5.72743,10.2897,5.85127,4.62305,4.68902,4.1525,6.30534,7.34498,8.75347,2.18831,9.90016,4.28606,6.63739,3.93116,5.90946,3.9984,2.89195,7.57264,9.70393
4551,7.15669,8.91708,7.80684,8.22546,6.44904,8.85982,10.69563,4.18889,8.72476,2.72938,10.99548,6.61284,9.09245,11.02549,8.87639,2.35064,8.53586,10.99541,5.5253,3.66974,7.64124,4.17301,8.46013,8.26278,9.79782,8.69475,5.16661,10.55061,9.79927,5.99406,9.25481,11.55489,7.53349,8.68752,10.81325,6.63218,7.0028,4.59244,6.83919,6.14599,8.88655,11.40808,9.26586,7.25769,11.81844,5.54914,9.5742,3.6484,5.61854,4.79052,9.781,7.2614,6.13048,10.85614,4.6848,6.07028,9.77724,8.29994,6.87393,11.51725,6.95907,6.68873,6.13269,5.08897,6.36494,8.9684,9.86192,2.84258,10.04382,5.27267,7.64612,5.96324,6.74158,5.24629,4.21096,9.19869,10.11454
4588,4.55822,6.46935,7.67497,7.96435,7.58139,9.18058,10.1388,5.32102,8.19735,1.77583,7.72038,4.53715,7.57223,9.38548,8.15568,2.45131,4.50892,10.93203,5.19116,2.36299,6.8504,3.47578,7.1015,8.53122,10.93521,8.04944,3.01984,9.85314,10.92074,5.81932,8.8768,11.30482,4.39326,6.64221,7.36621,6.47642,6.24561,5.69544,6.44092,7.32026,7.42738,10.53672,8.38983,5.19755,11.29525,5.82142,6.60948,2.29708,3.05205,4.45012,10.54872,5.35059,4.7782,9.10988,3.18163,4.83216,9.2685,5.7351,6.42629,9.1766,5.44705,2.09837,3.78445,4.65194,6.37091,4.91869,8.80533,2.46909,10.03558,3.56693,6.29009,3.60241,5.78758,2.63307,1.96612,3.22645,9.68498
4596,2.7583,6.76922,7.65237,6.12999,6.6948,7.79543,8.74304,3.52736,7.63455,4.41937,7.89936,3.91907,6.14982,9.04004,7.7371,1.63184,7.21203,9.37827,5.40331,2.66908,6.37328,3.47896,6.79967,7.95657,9.91425,7.97447,3.45645,9.65413,8.36302,4.8846,8.62257,10.49686,5.28358,7.52916,9.96749,5.60958,5.43105,4.90037,5.92622,6.24098,7.71409,11.26373,8.7435,5.5053,11.5475,5.07245,6.66591,2.71288,3.38785,4.358,10.32147,6.41715,4.07455,9.12767,3.36889,5.43859,8.88991,6.65868,5.30758,11.51443,7.69302,2.52973,4.15324,3.04616,5.75883,7.6854,11.61329,3.24507,9.14101,5.91915,5.81909,3.79074,5.35776,4.54286,2.55442,5.77252,9.81818
4598,3.49345,7.54574,7.28493,7.34555,7.28132,9.42675,10.50906,4.55701,8.50841,2.24232,9.00272,4.52616,7.85393,10.57987,8.10055,1.7852,7.42781,8.84044,4.71054,3.53952,6.46034,3.90184,7.63674,7.99542,10.12946,8.55555,3.44712,9.8139,8.35804,5.08256,8.77531,11.43975,5.81948,7.32202,11.57707,7.60382,5.96363,4.26399,6.38236,6.47313,8.03459,9.7485,7.99678,5.74483,10.41955,4.9695,7.31769,2.66843,4.22971,3.64947,9.79517,6.47354,5.11824,9.5555,3.83746,4.65522,8.97319,7.29421,6.32558,11.04582,6.16034,4.17907,5.29287,3.01101,5.72622,8.52904,11.69399,2.71539,9.4987,5.62351,6.46837,4.38432,6.05296,3.62722,2.75676,7.72698,9.96675
4613,10.14619,8.28866,7.55141,6.96618,7.00564,8.25771,9.06229,3.82132,9.54335,6.40077,11.42414,6.00151,8.89024,9.14453,8.72273,3.12151,9.53697,11.70691,4.56958,3.82282,6.68347,4.90277,8.38557,8.36367,10.27363,9.87252,4.53314,9.53432,9.71303,6.58396,8.47958,10.80972,6.62191,8.62929,13.42506,7.89788,7.90363,5.66866,6.21273,7.19643,8.39885,8.73875,9.12182,6.7879,12.15295,5.71994,10.31451,3.02014,4.5833,5.12734,11.52026,8.14281,7.13831,10.73014,4.40416,5.56079,9.47053,8.08042,6.83056,9.97223,7.78908,7.98647,5.37426,3.64878,5.77694,11.40337,10.21624,2.62097,10.69863,5.3322,8.39447,6.32807,7.15015,4.74479,3.6722,10.38796,10.67338
4649,4.03557,7.45515,7.98571,5.04827,6.97027,6.81362,8.50847,3.60954,8.19168,2.31483,8.85081,5.82977,7.26406,8.95754,8.39685,1.14985,7.81881,10.63908,4.57219,3.00627,6.09595,3.99776,7.69933,8.24156,9.31325,7.90699,3.40269,8.73359,7.62173,4.53126,8.46663,10.53591,5.3003,7.86452,9.52314,7.25742,6.58807,4.49419,6.33608,5.90641,7.94076,8.45523,8.17382,6.39318,11.36396,5.43602,9.53662,2.69167,3.31502,4.46685,9.79684,6.02805,5.44764,10.08859,4.38323,5.59568,9.20793,6.5349,5.95438,8.80948,6.42644,6.17689,4.63513,2.7091,6.0013,6.50487,8.64215,2.92325,9.54541,4.90681,6.5731,4.38316,6.91536,4.14742,2.83326,6.78683,9.73609
4645,3.6464,9.78437,8.09165,4.84719,6.79484,6.10616,7.33127,3.31676,8.77525,6.99848,9.99278,5.79038,8.23874,8.89211,9.06095,1.71732,9.23034,12.08939,4.61019,3.74364,7.84412,4.71232,8.78533,8.07794,10.33791,10.2984,5.40177,9.1952,8.31442,5.94639,7.72661,9.31458,7.97685,7.50917,14.09788,7.38906,6.08391,5.28832,6.013,7.70594,9.47022,7.59365,8.4187,6.96545,10.7996,4.81739,8.86119,3.35931,5.14519,5.10949,10.94477,8.43739,6.58268,9.87276,4.7918,4.79676,9.55216,10.04642,7.82367,11.65079,7.07812,8.80173,6.70982,5.10488,5.33091,9.46244,12.30234,3.08499,10.25287,8.34157,7.76845,6.42714,7.71497,5.57263,3.66889,7.39758,10.79197
4870,3.64629,7.63665,7.66091,6.08771,6.90886,7.31754,8.9468,3.59352,8.62335,2.69885,9.31115,5.00793,7.41813,9.22966,8.68078,1.16044,6.82201,9.15106,5.67784,2.12897,6.52426,3.88336,7.35568,8.11717,9.21951,7.44264,3.39694,9.00705,8.78034,4.12572,8.57292,10.15157,5.27195,7.5201,9.93869,7.55226,6.24025,4.98334,6.60364,5.99819,7.72474,9.9302,7.71008,6.24805,10.73266,5.35525,8.36841,3.52902,2.70126,4.3463,8.98234,5.85258,5.13084,10.33683,3.69036,6.01062,9.27672,6.9391,5.7515,9.4518,5.7755,6.7223,4.27202,2.80937,6.02667,7.60553,8.52594,2.63624,9.42837,5.00906,6.86307,4.1165,6.58819,3.42302,2.69931,7.48153,9.85568
4876,3.93435,5.62228,7.79591,5.5069,5.97269,7.30692,9.38655,3.45392,7.79339,1.77583,8.12215,3.96603,6.71062,8.43478,8.27247,1.10864,5.65265,10.20937,5.13209,2.91629,6.26334,3.43707,7.02832,8.01853,9.38288,9.16906,3.25883,8.84437,8.10722,5.10825,7.60775,10.94334,3.59072,6.40988,7.67908,6.83729,6.41894,5.91834,5.67201,6.74281,7.17484,6.97849,8.6429,5.39825,11.71269,5.87414,7.38926,1.96255,2.9486,4.45593,9.57226,4.96227,4.72008,9.39229,2.67318,5.45094,9.18268,5.01547,1.93637,9.49443,4.85225,4.13511,2.58539,3.35802,6.22532,4.84411,7.79727,1.8789,9.68522,3.17956,9.16692,3.70694,6.10587,2.86327,1.5586,2.57049,9.90564
4882,4.18317,6.65593,7.22609,7.32198,6.98563,9.38602,10.14603,4.78566,7.68735,1.77583,7.74063,4.28764,7.51084,8.64372,7.44937,1.9995,4.97967,10.21709,4.59668,3.15906,6.16366,3.52251,6.87381,8.24572,10.25133,7.60122,3.41037,9.47495,9.8503,5.29682,8.27017,11.4604,4.85686,6.26829,6.70588,6.56292,5.49567,4.88628,6.06838,6.14143,7.404,9.94645,7.7686,5.05271,10.90705,4.73672,6.39804,2.41847,2.15254,4.01985,9.94825,5.86053,4.49417,8.84997,3.3216,4.79494,8.77425,5.47192,5.22998,9.63609,5.22802,2.04176,3.045,3.91974,6.09153,5.42436,9.59857,1.92882,9.17188,4.21519,6.51737,3.11035,5.29759,2.9529,1.87707,4.47397,9.39896
4912,4.54888,8.45369,7.4407,2.91368,6.72743,4.08179,7.98762,2.70385,8.90143,3.68679,10.06977,5.66868,7.19915,9.07285,8.70756,1.12747,7.60305,10.46825,4.57976,5.23098,5.81393,4.16319,7.52759,8.10343,9.01499,8.44237,4.1705,8.62208,6.80371,4.71818,8.23826,9.53789,7.95759,8.11917,10.86453,6.50152,6.57996,4.38148,6.27802,5.77978,8.43552,7.17028,7.88173,6.4048,11.25385,4.61635,8.63586,2.46419,4.15367,3.62875,10.08223,6.99072,5.44232,9.40883,4.54078,5.37333,9.28107,7.729,5.09179,8.75799,6.81578,7.21917,4.96238,3.0566,5.77404,8.1703,9.41181,2.19095,9.60908,5.19633,7.23614,4.65281,6.54491,3.80295,3.7745,8.10494,9.83858
4938,4.03131,7.95438,7.47643,6.4697,6.92848,8.19191,8.99799,3.37098,8.81854,2.47087,9.17857,4.86382,6.42764,8.07339,8.49494,1.12747,5.99772,9.33592,5.15315,2.71264,6.83749,3.83942,7.16086,7.78469,9.72952,7.5643,3.21661,9.13613,8.10032,4.92748,8.20111,10.54062,6.31843,7.18713,9.94806,7.15433,6.3585,4.9441,6.2789,6.2908,7.82869,9.00881,7.66809,5.6824,11.13884,5.21303,7.8206,3.7019,2.38116,4.48472,8.76725,6.01746,4.6589,8.51737,4.03634,5.31438,9.39006,7.28285,5.49771,9.51387,6.17708,5.85696,4.76775,3.78773,6.12902,6.29618,8.02675,3.09303,9.95664,4.37919,5.89982,4.02797,6.04953,3.57695,2.82004,7.73021,9.92888
4993,3.68912,6.23169,7.91358,7.1144,6.89155,8.46873,9.30424,4.57096,8.12197,1.50004,7.63892,2.87731,6.31336,7.51794,7.3369,2.31645,5.45925,9.06939,4.18399,1.97082,6.29577,4.2627,6.77407,8.23553,10.30321,8.00739,3.03388,9.19727,9.91397,4.8832,7.94143,10.93418,3.62314,6.22995,7.43078,6.53826,5.13839,5.53986,6.29591,7.52429,6.99488,10.49815,8.16697,5.30715,9.53534,4.6298,6.73022,1.1873,1.69757,4.02539,10.19193,5.25375,4.05923,9.16872,2.57607,4.93684,9.44077,5.29334,5.89906,9.56805,5.31853,3.86982,3.71419,4.39189,5.78394,5.55679,8.97732,2.06614,10.04449,3.46621,6.28277,3.28659,5.82093,3.45277,1.83832,3.17382,9.67563
23339,3.28721,6.54437,7.12424,4.80562,6.57223,6.97915,7.31059,2.94924,8.36609,4.41521,8.33993,4.12862,5.89364,8.45393,7.76981,1.12747,5.39105,9.85134,5.22612,4.19995,6.08047,3.41917,6.90045,7.53028,8.91909,7.62623,2.69276,8.47125,7.37353,4.34358,7.86193,9.05648,5.22284,7.13381,9.01409,6.84949,5.83681,5.10098,6.07696,5.63399,6.89692,8.21785,7.96082,5.3839,10.52252,4.53346,7.07126,2.31383,2.56931,3.88272,9.08426,5.62729,4.00613,8.77638,3.32765,5.02284,8.76389,6.28975,5.6935,8.18539,5.61262,4.23984,3.50438,2.96022,5.65694,6.45604,8.05038,2.59992,9.73255,4.52719,5.51737,3.48896,5.27265,3.18506,2.03062,5.39969,10.15953
23835,2.26739,6.63932,7.77919,5.7683,6.69641,7.36599,8.66633,3.53695,8.96351,2.58142,7.98712,4.26215,5.63906,7.26785,8.28705,1.7458,5.47735,11.44373,3.7535,2.39106,6.15626,4.12101,7.21181,7.89865,9.72191,8.13749,2.95378,8.90515,8.25862,5.34943,8.21063,10.19481,4.5266,6.80664,8.80797,6.4415,6.28267,4.63987,5.8926,6.40886,7.35341,8.59586,8.69344,5.0362,10.46424,4.42721,6.6427,2.25242,2.90997,3.45538,9.60548,5.74449,4.80527,8.80281,3.42371,4.73685,8.99502,6.24763,3.91674,7.53251,5.62641,2.49271,4.08809,3.60745,5.37664,4.87325,8.38769,2.07729,9.28853,4.3103,5.66782,2.97551,5.88365,3.18135,1.86365,5.30964,9.99798
23821,5.49267,7.37777,7.77341,6.99962,7.21884,8.00276,9.37526,6.35652,8.33318,2.3822,8.58927,4.75256,7.31359,7.76402,8.33399,2.27468,8.07155,10.09229,3.84357,2.54222,7.70629,4.48848,8.06044,8.34963,10.13483,12.48291,3.66297,9.37937,9.56841,8.46838,8.67172,10.62773,5.34502,7.70189,9.63793,5.80613,6.20972,4.21468,7.15104,7.00208,8.20094,9.4984,10.05706,5.81292,10.33356,4.2617,7.22444,2.28491,2.5471,4.04652,9.21739,7.23816,6.11522,7.46399,4.36919,4.80413,9.42476,6.61735,4.93455,8.27905,5.61765,5.36778,4.43832,7.84495,5.27798,7.45114,8.96745,1.68336,10.25464,4.64642,8.70674,3.78705,7.07091,4.25623,2.58199,6.89749,10.14016
23847,2.41067,8.17909,8.09777,4.38458,6.63606,5.10765,8.54394,2.9567,8.65778,2.88274,8.51973,5.95534,6.49719,7.37163,8.23529,1.10864,7.49527,10.26194,4.92694,4.51654,7.18869,5.11363,7.85333,8.32445,8.80432,10.29413,4.76355,8.59632,5.73022,5.58305,8.26503,9.81649,6.4134,8.03829,10.31859,6.06376,5.51305,4.21491,6.71754,6.15459,8.22798,6.79911,8.71025,6.63833,10.73406,4.47461,8.21307,2.54951,5.38515,4.06442,9.18354,7.24261,4.82461,8.65099,4.20163,5.14366,9.41024,8.66993,5.67221,6.97497,6.06467,7.37866,5.78805,4.09577,5.72506,8.1416,11.04359,2.11545,9.87796,7.00032,5.33578,4.03845,7.04978,5.10447,3.57901,8.29083,10.30376
23869,3.22383,7.44722,7.52202,8.10006,6.46571,8.7201,10.46569,4.06977,8.73355,2.40585,9.48186,4.86031,6.6422,9.51388,8.39401,2.49191,5.81686,9.93645,4.81953,3.82579,6.39684,4.58935,7.45484,8.44131,8.55124,7.69736,2.69181,10.06917,7.56445,4.49162,8.99742,11.00095,5.40636,7.55541,10.2421,8.08429,6.71951,4.89743,6.63071,5.98333,8.04752,8.55065,8.42076,5.39913,10.37311,5.00629,10.71473,3.38152,2.2674,4.14527,8.93799,6.24941,5.0011,10.10861,3.98851,5.32839,9.61585,6.95396,1.1171,10.67185,6.53092,4.58459,5.11815,2.69171,6.09558,6.73633,9.31336,2.274,10.78125,5.16052,6.70758,3.95035,5.41635,3.43901,3.10075,7.27769,10.08374
23933,2.80674,7.2612,7.89043,6.72164,6.49649,7.68158,9.79476,3.73021,8.6494,1.50004,7.6671,4.68781,5.89736,8.3999,7.61223,2.01525,6.42897,9.98227,4.52203,3.32462,7.23097,4.54877,7.32976,8.54149,8.68247,9.93127,3.6809,10.29808,5.85366,5.32587,8.91669,10.89858,4.77033,6.88941,8.70813,6.56817,6.43919,5.69511,6.72115,5.7204,7.98887,7.0807,8.98303,4.915,10.56454,4.92886,6.85009,2.03406,2.5162,3.67181,9.93099,5.69348,4.85555,7.40363,2.98687,4.96004,9.3552,5.56328,6.08364,8.36878,5.26597,3.63865,4.03875,4.99933,5.87126,4.94442,8.7791,1.79284,9.87178,5.53293,5.86297,3.56959,5.6169,3.64498,2.49291,3.64767,9.79017
23937,4.64465,7.74043,7.82381,5.3143,6.49973,6.63368,8.55992,3.9282,8.66817,1.83331,7.797,4.8628,4.65738,7.65202,7.94206,1.23429,3.97825,9.58218,3.2337,3.74048,7.01066,4.61396,7.48904,8.25335,8.74546,7.73549,2.56985,8.7605,8.03924,4.9496,7.68655,10.22178,5.18067,6.57796,9.19986,6.01483,6.45939,5.10702,6.65926,6.15381,7.43208,7.18586,8.22934,5.22922,10.57324,4.95267,6.18877,1.28637,2.57449,4.93468,10.52812,5.9255,5.54144,8.89456,3.48736,4.95737,9.59578,5.7684,5.39487,8.56231,5.52237,3.04072,4.86513,3.26448,5.74324,6.29462,8.65888,1.19244,10.43495,3.52796,8.56941,3.87556,5.39577,3.05033,2.57635,4.08468,9.90973
23994,2.77606,7.14698,7.79606,2.2146,6.52673,3.3776,7.43297,2.54055,8.53364,3.16226,7.66611,4.35978,4.75111,6.69739,7.79952,1.10864,5.39085,9.45083,4.80173,2.94448,6.51394,4.2627,6.76136,8.11526,8.3692,7.72636,2.49007,8.21006,6.28209,4.28711,8.42401,9.00204,5.28246,7.06822,8.51731,5.91421,5.52583,4.48679,6.52711,5.75769,8.20299,5.9834,8.02382,4.86358,10.08579,4.82613,6.13648,1.84241,2.29322,3.6322,10.89364,5.88882,4.78876,8.36988,3.7767,4.92887,9.3727,6.25936,4.80179,7.88841,5.99104,3.20089,4.70269,2.69489,5.3695,6.32623,8.47511,3.08256,9.30017,4.68614,5.19039,2.74428,5.8426,3.00867,2.50623,6.42736,9.69858
24006,3.07027,6.38439,8.10086,5.25395,5.52224,6.14737,9.66112,4.03558,8.20423,1.82443,7.7421,3.32574,5.62629,7.87215,7.53916,1.33247,4.74811,9.10286,4.34071,2.68242,7.04929,4.4267,6.98692,8.36605,8.74793,7.43231,2.19936,9.09556,5.68969,4.71874,8.46151,10.86538,4.06298,6.19485,6.80678,6.28084,5.71091,5.04937,6.30049,6.2393,7.57337,5.36054,8.6456,4.32115,10.77272,5.06296,6.11452,1.25473,3.34948,4.1225,9.48934,4.78634,4.49804,8.21062,2.85841,5.11856,9.13939,5.17933,5.92963,8.13284,4.77472,2.07649,3.14401,5.01797,5.73071,4.54625,8.32882,1.56663,9.07023,3.79966,5.02756,2.72576,5.79064,3.01948,4.68488,3.04826,9.57883
24063,2.39005,8.13808,7.93434,3.14394,6.76736,4.54502,6.69867,2.30337,8.99842,2.72016,8.54567,5.58168,5.08275,7.13555,8.27905,1.10864,6.85126,11.14777,4.60456,2.95299,6.47564,4.57798,7.2537,8.05477,8.68142,7.57809,2.87435,8.5273,5.71936,4.2291,8.65802,8.67648,6.10007,7.95861,10.26394,6.16638,5.4653,4.41308,6.52906,5.6588,8.19164,5.34812,8.48341,5.95205,9.97355,4.94323,7.20588,3.03226,2.70309,3.99165,9.09906,6.74958,4.63862,8.91316,4.36389,5.12233,9.66226,7.65464,5.13789,7.51919,5.734,5.53082,5.42207,3.61903,6.02201,8.02014,8.40054,1.67666,9.43201,5.09509,6.80503,3.70228,6.23963,3.51691,3.12625,7.99888,10.42941
24085,12.33973,7.53142,7.91043,2.54321,6.59348,4.23532,7.01961,2.63071,8.95636,2.90547,7.50132,4.28081,4.62497,6.45873,7.87282,1.10864,5.11781,8.45316,4.62087,2.2943,6.76818,4.34487,7.55225,8.2439,8.46601,8.53736,1.83964,8.6471,10.60417,4.62673,8.10435,8.5913,5.46359,6.82293,7.82469,5.93125,6.74768,4.55464,6.42803,5.97961,7.93735,6.80211,8.90704,5.0766,11.59409,4.59562,6.61718,2.04531,2.30514,3.97594,9.61969,5.73508,6.05929,8.90588,3.85766,4.54403,9.48427,6.43605,6.27533,7.43353,6.15371,2.59691,5.15105,3.28574,5.74237,8.34484,8.60409,2.36397,9.60316,4.59193,5.62884,3.66483,6.22486,2.97358,3.52979,6.93017,10.11651
25452,5.12077,9.54562,8.60998,5.56277,7.54534,6.302,10.36806,3.39309,9.73431,4.10719,10.7336,6.654,7.53633,10.43622,8.63198,1.37257,6.67536,11.77749,5.28651,2.74751,7.21515,5.50155,8.41891,8.50032,9.24351,8.80776,3.06889,10.4201,8.30613,6.49786,8.41156,11.32675,8.07168,9.06047,12.17542,7.12822,7.541,4.20568,7.05462,6.59693,9.40403,9.92595,8.95865,6.61067,9.40312,5.81381,8.28588,3.89003,3.58206,5.27743,9.94055,8.06499,6.4499,9.43433,6.14924,5.62246,10.36829,9.10248,6.38288,11.20889,7.03161,6.37518,7.06012,4.33817,6.80299,8.74385,10.19808,2.79569,11.01246,4.83281,7.78896,5.33857,7.78175,4.41275,5.29049,10.291,10.93666
25504,2.3451,7.81397,7.98077,3.21228,6.93357,4.75626,7.25509,2.81173,8.71838,4.37636,7.18639,5.28413,5.58356,7.32712,8.37149,1.44779,5.88526,10.20161,4.70062,3.86444,6.17572,4.69951,7.64828,8.17348,8.63968,8.5665,1.96457,8.26628,6.02513,4.49804,8.51761,8.88193,5.97421,7.39503,10.12547,5.53044,5.15555,4.58153,6.66977,5.54395,8.06516,6.84738,8.81411,5.20881,10.12967,4.80742,7.74425,2.1772,3.97788,4.09509,9.37064,6.10843,4.21741,8.88737,4.408,5.30152,9.75377,7.24452,5.89861,7.28584,5.59215,3.17279,5.12519,2.47676,5.89353,7.56615,9.23515,3.0613,9.45813,5.10953,10.24243,3.47919,6.505,2.96595,3.24164,7.27716,10.2105
25602,4.96792,7.44528,8.13559,7.17288,6.84762,8.97765,9.9015,4.85195,8.89502,5.02629,9.64767,5.58808,9.40971,8.38518,8.26095,2.76412,8.90507,10.53707,5.07821,6.91629,6.59076,4.53074,7.93791,8.32675,9.92406,8.73754,3.1875,10.02721,8.83445,6.17702,8.5448,11.22655,6.67217,7.50583,12.34982,6.95415,6.50447,5.24707,6.2875,6.63942,8.12034,9.59179,9.86711,6.11879,10.45323,4.56617,9.24053,2.27309,3.31859,3.95191,10.78069,6.13009,5.99071,8.83931,3.75795,5.27036,9.6869,7.63269,6.91399,10.40261,7.96749,6.57229,6.14606,3.832,5.49405,11.93481,9.96688,2.57111,11.20349,4.84568,7.2408,5.40545,7.0049,3.60987,3.37611,7.61789,10.59391
25634,2.82144,7.14184,7.51838,4.99047,6.03945,6.38651,9.02051,3.09077,8.14918,2.17553,7.95049,4.11389,5.88766,7.91198,7.5326,1.14772,7.29768,8.65272,4.14412,3.46259,6.09274,4.34996,7.4251,8.2459,8.45533,7.48429,5.36911,8.55745,6.86406,4.4916,7.90805,10.39101,5.11326,7.22892,8.04918,6.41792,5.6501,5.88191,6.47123,5.61936,7.72723,6.53392,7.88863,5.50701,10.23726,4.22606,7.08973,1.90631,3.35819,4.25549,10.42803,5.51259,4.72348,8.5893,3.62345,4.90565,8.97542,5.17744,5.98279,8.11844,5.10452,2.61454,4.40259,2.98895,5.79025,6.05215,9.18679,1.59849,9.57659,4.551,6.34013,4.13816,7.077,5.20651,2.60726,4.21056,9.49532
25642,4.78768,9.03554,7.92002,5.28514,6.914,7.06978,8.31203,3.86537,8.67784,4.60724,9.76261,6.60578,7.58495,7.89805,8.38369,1.68688,8.43866,11.02385,6.75074,4.08781,6.52508,5.14936,8.21891,8.36075,9.2053,8.54121,5.20282,9.08732,8.21686,5.02183,8.29818,9.91646,7.54409,9.58693,11.5934,6.88456,7.09351,4.01115,6.39916,5.99587,8.90127,9.09343,8.56894,7.41848,10.96054,4.73406,9.33361,2.69455,6.60208,3.8947,9.31349,7.27352,6.77866,9.80358,5.00585,4.76382,9.76164,8.25908,5.25995,9.61,6.32659,7.52043,5.59503,3.27329,5.62702,9.24025,9.93919,1.97448,9.70148,6.05441,7.98624,5.36511,7.44969,7.33167,3.86331,9.18736,10.16507
25788,4.38434,9.0091,8.75719,7.49634,7.59977,8.97522,10.73436,4.3194,9.57005,2.67063,10.37364,5.92189,7.70626,11.36415,9.22444,2.12876,7.54216,11.35473,5.70195,4.39648,7.70192,5.38669,8.18438,9.11895,9.80411,9.27175,4.11723,11.07484,9.27896,6.09596,9.95474,11.19444,7.72605,8.81009,11.17659,7.12766,7.61527,5.15675,7.18979,6.61561,9.07257,10.21779,9.83171,6.8513,10.6817,5.83931,8.77114,3.48171,4.03393,4.85672,10.02755,7.84483,5.9911,9.15024,5.22517,5.57559,10.26357,8.91006,6.32283,12.16796,6.92784,7.15327,6.8628,5.15795,6.51803,9.17694,10.42535,2.92851,10.8334,5.51866,7.98567,5.16407,7.39744,5.24592,4.63773,9.81117,10.75572
25820,3.39999,7.22017,7.84405,4.65423,6.51899,6.97654,8.80735,2.85258,8.79613,3.9707,9.73233,4.81228,6.25317,9.27265,8.27498,2.45281,5.91408,10.71265,4.4809,2.97226,7.031,5.49014,7.44161,8.52561,8.90637,7.86421,2.31649,8.91441,7.79708,5.19318,8.29901,10.86193,5.38582,7.29116,10.36901,7.21419,5.62121,4.5576,6.38439,5.92786,8.05101,9.2383,8.74544,6.22061,10.16648,4.36464,7.09881,2.36744,2.30756,3.39874,8.58318,8.41567,5.14469,9.73664,3.77855,4.79631,9.2533,7.15895,6.42006,8.03153,5.26563,4.41513,4.82332,4.04624,5.40764,6.89946,9.14111,1.67339,9.91838,4.18382,6.87602,2.93427,5.46826,3.22498,2.72621,7.9763,10.20582
25834,4.06242,6.28651,7.38906,3.36144,6.43495,5.11939,6.97056,2.70974,8.91888,8.3384,8.66808,4.9792,5.68805,7.61725,7.75256,1.10864,5.37475,9.92289,4.11036,2.29592,6.62488,3.97002,7.0939,7.88786,8.76964,7.04452,1.95002,8.48938,7.72453,5.75175,7.6712,8.69531,4.42937,7.19454,9.61133,6.23299,5.63465,5.17503,6.42061,6.14162,8.10407,7.30133,8.9663,5.1732,9.9207,3.90269,7.15749,1.63888,3.63454,4.37168,10.54767,5.60199,4.72569,9.0419,3.82993,4.80025,9.13064,6.02878,6.06518,6.85427,6.19097,4.87391,3.53255,2.24998,4.7844,6.25653,9.00638,2.04798,10.112,5.60535,6.67302,3.0858,7.25142,3.16291,2.27813,5.75878,10.56086
25878,3.74949,8.06314,7.64409,4.51258,6.51518,6.07836,7.71872,3.45773,9.04805,4.88088,8.15948,5.83621,6.81697,6.7496,8.30332,1.4026,6.15664,10.28288,6.50839,5.70048,7.23363,4.69609,8.2413,6.92207,9.63286,9.84398,5.19597,9.66008,8.1063,5.47738,7.44492,9.62857,6.31144,7.02707,9.63024,5.87712,6.36908,5.51687,7.06978,8.5781,8.31621,7.20763,9.05616,5.9619,11.36618,3.72906,8.36006,2.82958,6.25127,4.63784,11.57032,7.91542,6.09094,10.0031,6.39388,5.3612,9.34972,8.26732,6.56694,6.85223,7.67755,6.64345,5.54,3.76153,4.8009,7.02988,12.02662,2.02991,9.98566,6.36813,6.51946,6.0306,7.33968,9.31662,2.42141,5.31467,10.50581
25925,4.85634,6.87889,8.20094,7.21229,7.38079,8.48163,9.89661,5.10312,8.73901,4.75091,8.99937,4.99208,8.30498,8.17499,7.74838,3.32293,5.15218,9.08141,4.50591,1.49443,7.26378,4.94244,6.93537,8.40428,10.39519,8.20144,2.39494,9.48121,9.94742,5.81573,8.68755,11.18823,5.49589,6.98296,8.92774,5.89255,5.93616,5.03103,6.5049,6.90674,7.6859,10.16919,9.43213,5.55784,10.51568,4.37166,6.29666,1.95194,2.51274,4.85021,10.63743,6.79352,4.64259,9.3906,3.69691,4.77448,9.24471,6.29773,6.73965,10.12854,7.64297,3.59225,4.71109,3.43948,5.22621,5.75349,9.54983,2.51295,10.95243,4.95651,6.13588,3.87445,6.7281,2.8299,2.53306,6.08188,10.42599
25957,4.75969,6.80808,7.69829,7.4107,6.28015,6.95554,10.85602,5.0612,8.46621,1.51151,8.93644,4.68802,7.17749,9.78774,8.66361,2.09418,5.8333,9.60013,4.75774,3.04113,7.49046,4.63372,7.58644,8.88428,8.61455,8.46116,3.91331,10.12068,8.8326,5.00568,9.08355,11.35268,5.13801,6.63943,10.03418,7.50897,7.07044,5.62887,6.24629,6.25842,8.08966,9.58264,9.49462,6.13276,10.37062,5.2873,6.9564,2.11196,3.92705,4.19904,10.01121,5.61178,5.51001,9.4792,3.46448,5.91773,9.46223,5.69174,5.23361,10.88348,5.51684,2.16563,4.77472,4.22379,6.14411,3.76498,9.97981,1.84141,10.38613,3.99986,6.49434,3.52149,6.85076,3.98084,2.31446,3.73583,10.28389
26145,4.62564,6.94433,7.65382,3.04703,6.31792,4.45305,7.37652,4.43704,8.14833,2.86661,9.08613,3.90868,4.74629,7.46761,8.14729,1.10864,4.96781,10.86352,4.47503,3.13952,6.22383,4.49726,7.10179,8.21648,8.61206,7.82086,2.56201,8.15245,7.11048,4.27095,8.26444,8.8656,4.13643,6.81648,7.73104,5.30578,6.34053,5.72532,6.70593,5.90156,7.38705,5.95655,8.6017,4.58369,11.4802,4.68668,6.97092,1.8003,4.4977,4.05716,10.46031,5.35273,5.06883,9.46892,3.47979,5.43947,9.321,5.00064,0.40307,7.15026,5.36031,3.19749,2.92075,2.34178,5.99025,5.3386,8.202,1.89231,9.70125,4.36406,5.98821,3.03961,6.40078,3.24426,1.74354,3.58827,9.66511
27105,4.11509,7.19872,8.14357,5.26681,6.52398,6.56745,9.75271,3.72256,8.44465,1.84903,8.78086,5.44536,6.43664,8.72474,7.51715,1.50407,7.86044,9.58468,4.03858,4.51265,6.65412,4.50654,7.12467,8.40695,8.30053,8.51411,3.03313,9.41797,7.63532,4.78935,8.06567,10.89448,5.76527,7.1483,9.77737,6.12525,6.30936,5.40802,5.79442,6.38484,7.84811,8.40827,9.19043,5.47109,9.94922,4.70607,8.19294,2.30983,3.25163,4.60494,9.61136,5.99494,4.80769,9.25348,3.66691,4.80415,9.42643,5.9758,5.48082,10.27332,5.72667,5.04275,4.26679,2.76201,5.97271,7.34874,9.97952,2.02971,9.94928,4.62068,8.82535,3.67249,6.58184,3.18778,2.60827,5.24786,10.05105
27103,4.01299,8.24264,8.36197,5.42347,7.35969,7.16466,10.22517,3.92066,8.92794,2.63713,9.15945,7.32208,9.24541,9.15228,8.30558,1.512,10.39996,12.68727,4.20748,4.14484,6.70157,5.03461,8.17853,8.82066,9.40251,9.59328,9.84501,9.92051,8.61552,5.21629,8.79947,11.28653,8.17178,9.78783,11.80007,7.52258,6.07821,4.82739,6.55126,7.29039,9.50598,8.50613,8.97175,9.69725,10.14495,5.03577,10.23119,4.10751,5.48818,4.8549,10.83784,7.09713,6.42973,8.61627,4.46166,5.34657,9.53987,6.53099,6.96304,10.6805,5.94188,8.57476,4.53735,4.71021,6.16447,6.41202,10.12358,2.60271,10.56687,7.37634,6.6343,5.31797,9.87411,8.96414,3.32673,6.358,10.50768
27119,2.60874,6.88282,7.64325,4.64065,6.11315,6.28924,7.37698,2.65103,8.26908,2.15898,7.43359,3.81709,5.75279,7.31461,8.14189,2.14612,5.42166,10.13926,4.80046,1.9508,6.3943,4.52074,7.35509,8.33062,8.79841,8.30836,2.98457,8.41999,6.22872,4.55116,7.89481,9.32412,4.55607,6.57399,6.72069,6.7061,5.95099,5.30392,6.59048,5.92556,7.58032,7.21608,8.71201,4.89543,10.2194,4.82111,9.86751,1.11217,5.33756,3.91214,10.11178,5.56578,4.99474,9.47477,3.02288,5.21531,8.96212,5.31603,5.09233,8.30443,5.00853,1.94085,3.61549,3.29333,5.33901,4.3619,8.51561,1.7441,9.38963,3.60334,5.21143,3.64016,5.44753,3.43633,1.82552,4.2132,9.69633
38749,3.91048,7.65805,8.13309,6.97256,6.89543,9.09837,10.50818,5.35264,9.60805,3.92574,8.5911,4.40798,7.30709,8.98938,8.30458,1.78856,7.77112,10.5021,5.2226,3.98033,7.01192,4.54255,7.97304,8.30085,9.18946,8.92912,2.01167,9.45521,7.96498,6.45495,9.27719,11.44799,5.95838,7.57545,10.88731,6.83679,6.11949,5.18913,7.14924,6.71819,8.66899,9.47147,10.1507,5.12302,10.8727,5.591,7.13061,3.71643,6.31923,4.12306,10.09179,6.90285,5.29774,8.90612,5.31095,5.57516,9.9866,8.36718,1.25836,11.3778,5.88316,4.02315,5.89865,4.54649,6.29681,7.68507,12.54873,2.51422,10.66489,6.22486,7.04629,4.2423,5.76104,3.13502,3.22737,7.69695,10.73631
38777,4.50072,8.40416,8.1824,5.22624,6.37972,5.89318,9.58376,3.24944,8.51655,2.11316,9.75143,5.23037,6.56641,9.02136,8.26164,1.75407,6.51696,11.12366,3.73003,2.74767,6.90489,4.88013,7.66627,8.56185,8.69513,8.14375,1.98434,8.93674,7.75623,4.94893,8.3408,10.78748,6.86177,7.65887,10.70885,6.81453,6.9108,4.01314,6.59523,5.48246,8.53565,8.03292,8.41395,5.5997,10.64606,5.30575,8.65117,2.0754,2.94636,3.91372,9.0609,7.32122,5.48327,9.96238,3.83671,4.92333,9.76428,8.02307,6.09171,10.28951,5.94785,6.12079,5.47785,3.09301,6.00674,8.71411,9.61888,2.19896,9.82966,5.07063,7.49157,4.22813,5.95809,3.94982,3.9637,8.39613,9.91834
39153,2.6375,8.0282,8.04433,4.48246,6.088,5.59755,8.10132,2.57058,8.90726,2.77329,8.93029,5.04262,6.70569,8.66874,9.04853,1.49123,6.4103,9.92676,4.72455,4.42873,7.55208,4.57857,8.12322,7.98359,8.55878,9.89066,3.2492,8.58,6.87318,4.75805,8.21872,9.68086,5.28229,7.68557,10.65211,6.41496,5.95552,5.09769,6.21933,6.42317,7.45738,6.42294,8.97037,5.35908,11.12677,4.94529,8.71698,2.55475,2.45448,4.29728,9.32296,6.21235,5.06951,9.15051,4.14474,4.97937,9.65878,7.6383,6.14783,8.70034,6.04326,6.61524,5.07242,3.58296,5.65878,8.66602,8.63206,2.29592,10.05896,5.32684,6.98234,4.09489,6.9188,2.83616,2.83952,6.28488,10.1935
39510,3.12011,8.6361,8.14418,3.22059,6.59419,4.14055,7.89803,2.47498,8.97013,2.11519,9.4813,5.51153,6.43068,9.08821,8.32075,2.78733,6.89227,10.74445,4.61929,2.11279,6.72442,4.845,7.81306,8.15991,8.78272,8.36164,3.12144,8.379,6.23096,4.0623,8.84556,9.371,6.86877,8.61386,10.69753,5.2089,5.80474,4.32415,6.87138,5.66389,8.38269,5.68524,8.1985,6.01357,9.88275,4.67696,8.78163,3.06316,3.2386,4.31139,8.64334,6.51008,4.95314,9.54471,4.65357,5.27671,9.822,7.90655,5.88502,7.76388,5.86903,6.9409,5.6634,3.4101,5.93612,8.36447,9.0441,2.23572,9.23011,5.26562,7.04417,4.51872,6.93266,3.94875,4.17545,8.27261,10.1505
39526,4.7168,8.69343,8.69193,6.70436,7.50466,8.32346,9.99556,3.98215,9.14025,5.28782,10.20738,5.77753,7.14936,9.53902,9.05577,2.9094,6.37098,9.57014,5.35771,5.30214,7.13266,4.90349,7.79986,8.54816,9.59354,8.57988,3.66042,10.02989,8.72189,5.22073,9.16574,11.25555,6.60972,8.78083,11.25085,7.72246,7.00358,4.93135,6.86565,6.51263,8.43991,9.09326,8.78101,6.41578,10.95694,5.10784,8.10845,3.3359,3.28265,4.36161,9.513,7.14356,6.15536,10.78883,5.06914,5.45287,10.01256,8.13166,6.83863,12.20271,6.62945,6.61209,5.06289,3.08417,6.11426,8.53444,9.33143,3.03234,11.12424,5.53037,6.90756,4.90416,7.8234,3.92776,3.72744,8.93886,10.70372
39632,3.38867,7.70568,7.63606,3.71877,6.00735,5.62712,9.83528,4.29977,8.05381,1.826,7.98741,4.70181,5.8219,7.18149,8.48368,1.41283,6.05725,10.76067,4.21102,3.13201,6.34213,4.13996,7.25765,8.71956,7.99137,8.42118,2.45143,9.66435,7.36381,3.93108,8.40988,10.86783,5.72347,7.17941,9.18417,6.30709,6.53316,4.22662,6.22612,5.5513,8.06797,8.53434,8.13145,5.34184,9.95626,4.55394,6.94537,1.80184,3.13573,3.48012,10.11707,6.0348,5.28121,9.48272,3.89959,4.56726,9.18387,6.17974,0.6563,8.99304,5.40735,4.08681,3.81559,1.9395,5.68361,7.07445,11.15486,1.80537,9.88991,4.58652,6.46937,3.55877,6.66969,2.76221,2.43205,6.09487,9.74093
39628,9.05282,8.45372,8.25501,5.90309,7.05657,6.35502,9.88254,5.02526,9.38991,5.24823,11.21191,5.02245,8.81352,10.79847,8.08303,1.95498,7.66837,10.74026,7.16618,3.79429,7.66811,4.76057,8.62521,7.96481,9.07176,9.4909,3.77309,10.47745,9.01309,5.69634,8.19955,11.0988,7.20207,8.18247,10.44662,7.9401,8.13181,4.69389,6.34563,6.51175,8.46811,11.01148,10.36601,8.75708,11.32721,4.92158,10.11528,2.81792,5.7772,5.81938,10.06006,6.40747,7.37657,11.84486,4.60236,5.72736,9.97216,8.58372,9.25882,10.35865,8.35649,6.1866,5.71846,4.4054,6.52346,11.06573,10.28784,2.06578,11.26592,6.29867,12.86636,5.26714,6.30563,5.85694,3.98804,7.65037,11.11299
39573,4.52941,8.55331,7.78862,5.4593,6.9285,6.517,7.47636,3.55918,8.8808,6.80524,10.01409,5.57821,6.45234,8.23136,8.36181,2.15739,6.554,12.97272,4.56049,2.74536,10.55951,6.58629,8.952,8.03337,9.36717,9.04766,3.81344,8.74365,8.18962,4.57934,8.23153,9.54925,7.38907,8.73107,10.57844,7.36777,7.50518,5.04706,7.28971,6.42016,8.81994,8.80486,8.39369,6.48117,10.81282,4.92844,8.2915,2.63166,4.11638,4.26927,9.38827,7.72738,6.29326,10.75357,4.78261,5.16098,9.60264,7.86626,5.11167,8.56528,6.47945,5.63264,5.58699,4.03214,5.60927,7.53689,9.76227,2.57001,9.79475,5.9326,6.62015,4.82558,7.49009,4.68097,3.89453,9.78323,10.47625
39581,3.79653,8.41119,7.84126,4.28186,6.48955,5.27019,7.83245,2.00027,8.75295,4.90834,9.817,5.99456,6.4965,8.91202,8.12406,1.49875,6.75813,12.93352,5.17774,2.17368,10.07207,5.37501,9.51807,7.93221,8.77286,8.77828,4.12826,8.57862,6.35065,5.26228,8.70139,10.07013,7.90748,9.30142,12.48889,6.35979,6.73255,4.75303,6.15622,6.00537,9.59652,5.08942,9.21406,6.33777,10.22461,4.45222,7.62768,2.2453,5.34391,4.06802,10.63741,8.73982,6.16537,9.58058,4.44873,5.25287,9.50243,7.90763,5.32339,7.74557,6.56738,5.60509,5.51464,4.43026,5.55075,8.5467,9.06455,2.29464,9.58983,5.88134,5.64099,5.95726,7.11622,5.80345,4.12655,8.31924,10.21313
39646,3.40838,7.74716,7.66074,4.93877,6.61657,6.42348,7.82305,3.63714,8.80917,1.87814,8.92569,4.20502,5.75012,8.07052,8.16737,1.10864,5.74413,10.30119,4.03819,2.79384,6.24624,4.67285,7.5958,7.949,9.16962,8.05624,2.9437,8.26665,7.98969,4.02567,8.48931,9.85899,5.65256,7.99739,9.9484,6.57023,6.04461,4.20288,6.58121,5.57109,7.41622,7.13731,7.79579,5.64315,10.20884,4.76615,7.84991,2.73152,2.52103,4.43779,9.00415,5.9283,5.25128,8.87047,3.90451,4.97,9.53071,7.34669,0.97908,7.8612,5.23003,4.98064,4.86496,2.24272,5.97949,7.13661,8.92193,1.85561,9.29811,5.02749,6.75682,3.76583,6.1937,3.35337,3.05643,7.54851,10.03742
39660,2.60719,7.85793,7.42962,4.59945,6.17312,5.58221,6.81677,3.01036,8.33058,2.15673,8.63719,4.81387,5.29116,8.18534,7.85755,1.54893,6.31028,8.75702,4.20404,2.4253,6.20789,4.22228,7.06466,7.59804,8.62261,7.89875,2.904,7.92968,6.97993,3.48431,8.16449,8.89349,6.29518,7.63578,9.96363,6.59533,4.62618,4.16562,6.39177,5.57592,8.01835,7.89557,7.18657,5.42334,9.65501,4.16558,7.4945,2.74026,2.57008,3.57535,8.57361,5.76581,3.8763,9.23026,3.85751,4.93381,9.30671,7.49007,0.88834,7.5872,5.25567,5.05947,4.63395,1.8729,5.6912,7.39203,8.45077,1.80339,8.72148,4.38549,6.13595,3.69568,5.79731,3.5104,3.05522,8.15282,9.76665
39662,3.45305,8.1411,8.01435,5.08145,6.90354,6.05643,8.2933,3.03492,9.2171,2.09401,9.23995,4.38811,5.64464,7.93855,8.6722,2.18087,6.29356,10.7136,4.77447,2.41085,6.82023,5.08795,7.38995,8.26007,9.37738,7.77005,2.79405,8.73034,7.98275,4.16144,8.57073,10.2897,5.28544,7.40518,9.98217,6.39197,5.26191,4.44467,7.06838,6.14709,7.96575,8.09446,8.33536,5.98005,9.81173,4.97958,7.7979,2.88444,2.33193,4.64373,9.06754,5.74426,5.49924,10.05315,4.23659,5.05792,9.64193,7.1352,6.25834,8.19132,5.59533,5.16657,4.62813,2.93049,5.97066,7.53598,8.44402,2.62291,9.44942,5.17487,6.02378,3.71646,5.47995,3.68,2.80314,7.09022,10.0404
40078,3.6975,7.83086,7.96602,6.06113,7.00978,7.63954,8.58095,4.09689,8.98113,4.6745,8.76799,4.95505,5.74458,7.87809,8.45518,1.58984,5.50797,10.92628,5.10088,2.88016,6.78616,4.839,7.15084,8.09139,9.57133,7.34426,3.39031,9.04484,8.53742,4.84088,8.84553,10.53564,5.95421,7.28798,11.11555,6.71639,5.56462,4.33368,6.24978,6.02382,8.43327,9.82458,8.47464,5.84405,9.25103,5.39808,7.55816,2.68071,2.703,3.72146,10.49077,6.16661,4.91424,10.3906,4.02392,4.99413,9.55718,6.98003,5.15857,8.16656,6.3486,5.03386,4.883,3.56715,6.05225,8.13248,9.20712,2.64945,9.89901,5.11552,7.71399,3.90336,6.33785,4.07364,2.43739,6.6744,10.43348
40086,3.48625,7.58411,8.12017,6.36347,7.62001,7.79244,8.73736,4.05268,9.01021,2.31232,7.90344,4.8352,6.3644,7.99866,7.84756,2.63877,5.81767,9.68101,5.50488,4.06994,6.82528,5.11802,8.004,8.44564,9.62032,8.35426,3.35604,9.5875,8.88599,4.04073,9.25023,10.63395,6.14788,7.70336,8.54558,5.14886,5.13083,4.76575,6.95316,6.29747,8.36596,9.75285,8.56363,5.30111,10.82481,5.5468,6.53916,2.44941,3.93763,3.97993,10.06681,6.4555,4.15483,8.78791,4.17316,5.49621,9.83327,6.77692,6.89658,9.22886,6.24312,2.95664,5.24182,3.20315,6.22193,8.07497,10.44055,2.74827,9.77364,5.61988,7.33251,3.71342,5.88765,3.07328,3.03932,7.08007,10.32358
40262,2.32369,6.70899,7.36243,3.92849,6.57096,4.93455,6.65574,2.32249,8.80031,4.48112,8.2547,4.03446,4.678,6.624,7.55959,1.10864,5.66958,9.9026,4.13835,4.19085,6.88335,4.09492,7.48137,7.89084,8.89835,7.68109,2.01456,8.28627,6.78722,4.47145,7.94976,8.14794,5.2955,6.84449,7.90795,6.21031,5.16964,4.6614,6.54589,6.22084,7.45916,7.15532,8.4984,5.3266,10.18554,4.44282,7.24132,2.20844,2.85182,4.41823,10.38023,5.9212,4.35092,9.3093,3.61915,4.59471,9.42334,6.07498,6.08622,7.06808,6.02511,3.3041,4.26616,1.79964,5.21892,6.42977,9.04639,2.06017,9.72008,4.40496,5.74689,2.98203,5.82738,2.84091,2.48491,5.80325,10.15102
40367,4.36583,11.50563,8.19137,6.69418,7.13817,8.41147,8.78419,3.39421,8.42207,5.86189,9.11549,5.68119,9.44863,7.30458,8.3727,3.24684,10.88409,9.99353,4.54389,5.48667,8.38619,4.21858,8.81966,8.21285,10.49706,9.78386,4.48254,9.60377,9.48743,5.37108,8.27357,10.89533,6.89706,7.37678,12.46637,7.98735,6.2226,4.40158,6.50841,7.09102,8.84351,8.63373,9.6251,5.70562,9.82951,3.70171,11.97655,5.10565,3.32104,3.72168,10.47198,5.92767,6.86052,10.48674,4.04055,4.74622,9.18866,9.46901,5.88317,10.99011,7.33551,7.09148,6.57724,3.49342,4.88537,7.5858,12.0579,2.49001,10.31831,6.86003,7.36938,5.61006,6.78679,5.0912,2.75425,6.66382,10.32254
40369,2.95201,7.60411,7.94092,5.83548,7.2666,7.05099,7.855,3.33179,8.9271,2.72795,8.51289,4.42755,5.44505,8.53301,8.24651,1.97101,5.61587,10.64521,4.03185,4.11286,6.73555,4.768,7.36906,8.47416,9.82058,7.83486,3.27956,9.153,8.53567,4.31076,8.44716,9.8437,6.0391,6.9711,9.17805,6.11897,4.83761,4.54968,6.89061,6.35865,8.29414,9.75881,7.85116,6.0338,9.42031,5.08668,7.27125,2.10134,2.3818,4.12041,9.15019,6.487,4.75483,8.59961,4.19446,5.0573,9.53439,7.00466,6.73641,8.6399,5.65962,5.38644,5.07186,3.49375,5.60218,6.50384,8.5704,2.88454,9.7376,4.41308,6.23102,3.14294,6.67303,3.56198,3.05634,7.41823,10.20139
40375,5.07987,8.9696,8.11857,6.23403,7.4284,8.02257,9.04302,3.42159,9.05726,3.2701,9.75336,5.73752,7.87276,8.87464,8.51422,1.98363,7.42708,11.21152,5.16282,4.02468,6.90454,5.44245,8.97313,8.63739,9.4539,9.97307,5.19595,9.31639,8.75319,4.76122,8.74429,10.9947,7.49254,8.88209,12.0448,7.87152,6.07993,4.22403,6.74031,6.8965,8.9376,10.81474,8.11487,6.92876,10.88522,5.44544,9.49025,3.46086,3.84655,4.45902,9.56726,7.4689,6.01619,10.40038,5.27888,5.16348,10.13509,8.45694,6.67132,9.39873,6.10083,6.51967,7.20021,3.37911,5.92403,8.11865,10.50728,2.59336,9.77219,6.46411,8.0458,6.35274,7.95447,5.19685,4.2037,9.22559,10.41573
40379,3.96901,7.28325,7.74173,5.39518,6.46623,6.44951,8.16401,3.39728,9.0249,6.04118,8.50733,4.96371,7.23692,6.87229,8.17717,2.33509,5.96907,9.90051,4.8662,3.21165,6.01757,4.57235,7.09551,7.88082,9.23368,7.60221,3.84215,8.77027,8.93951,4.22783,8.50321,10.19101,5.29597,7.97719,10.22729,6.22361,5.62775,4.69802,6.18773,6.27637,8.12383,8.58719,8.38293,6.35938,10.56035,4.62811,7.82632,1.78944,4.94182,3.69506,9.65025,5.89821,4.96915,9.60278,3.5887,4.83676,9.30885,6.81399,5.29904,8.01773,6.06106,6.08848,5.06804,2.45202,5.40536,6.57338,10.12298,2.55354,10.09187,5.38147,5.87557,3.98771,6.68772,4.3112,2.71705,7.68972,10.47169
